DATA_TYPE,TIS_DATA_REQUEST,SITE_XN_ROUTE,LOC_LEG,DATE,TIME,CLASS,LANE,SPEED,WHEELBASE,HEADWAY,GAP,AXLE,AXLE_GROUPING,RHO,VEHICLE,DIRECTION
IND,208,6600,59465,15/07/2019,06:26:55,15,1,28.9,1.1,21553.2,21553.3,2,1,1.00,CYCLE,W
IND,208,6600,59465,15/07/2019,06:38:58,15,1,26.7,1.0,723.1,723.0,2,1,1.00,CYCLE,W
IND,208,6600,59465,15/07/2019,06:56:29,15,1,32.2,1.1,1050.8,1050.7,2,1,1.00,CYCLE,W
IND,208,6600,59464,15/07/2019,06:58:28,15,0,21.4,1.0,23446.4,23446.4,2,1,1.00,CYCLE,E
IND,208,6600,59465,15/07/2019,07:11:27,15,1,34.0,1.0,897.8,897.7,2,1,1.00,CYCLE,W
IND,208,6600,59464,15/07/2019,07:32:57,15,0,20.3,1.1,652.6,652.5,2,1,1.00,CYCLE,E
IND,208,6600,59464,15/07/2019,07:42:13,15,0,24.3,1.0,556.2,556.0,2,1,1.00,CYCLE,E
IND,208,6600,59465,15/07/2019,07:46:34,15,1,31.5,1.1,2107.1,2107.0,2,1,1.00,CYCLE,W
IND,208,6600,59464,15/07/2019,07:51:44,15,0,19.1,1.1,571.1,571.0,2,1,1.00,CYCLE,E
IND,208,6600,59464,15/07/2019,07:53:04,15,0,19.3,1.1,80.0,79.8,2,1,1.00,CYCLE,E
IND,208,6600,59465,15/07/2019,07:58:22,15,1,36.4,1.1,708.3,708.1,2,1,1.00,CYCLE,W
IND,208,6600,59465,15/07/2019,08:15:39,15,1,29.9,1.1,1036.9,1036.8,2,1,1.00,CYCLE,W
IND,208,6600,59464,15/07/2019,08:22:45,15,0,23.5,1.1,1781.1,1780.9,2,1,1.00,CYCLE,E
IND,208,6600,59465,15/07/2019,08:28:52,15,1,31.1,1.0,792.7,792.5,2,1,1.00,CYCLE,W
IND,208,6600,59464,15/07/2019,08:32:11,15,0,21.9,1.1,565.2,565.0,2,1,1.00,CYCLE,E
IND,208,6600,59464,15/07/2019,08:35:13,15,0,25.9,1.1,182.4,182.2,2,1,1.00,CYCLE,E
IND,208,6600,59465,15/07/2019,08:37:17,15,1,25.7,1.0,505.4,505.3,2,1,1.00,CYCLE,W
IND,208,6600,59465,15/07/2019,08:40:15,15,1,35.9,1.0,177.6,177.4,2,1,1.00,CYCLE,W
IND,208,6600,59464,15/07/2019,08:50:25,15,0,23.8,1.0,911.8,911.7,2,1,1.00,CYCLE,E
IND,208,6600,59464,15/07/2019,08:58:09,15,0,20.5,1.1,464.5,464.3,2,1,1.00,CYCLE,E
IND,208,6600,59465,15/07/2019,09:04:57,15,1,28.2,1.0,1482.8,1482.7,2,1,1.00,CYCLE,W
IND,208,6600,59464,15/07/2019,09:21:49,15,0,10.1,1.0,1419.5,1419.3,2,1,1.00,CYCLE,E
IND,208,6600,59465,15/07/2019,09:21:55,15,1,26.7,1.0,1018.1,1018.0,2,1,1.00,CYCLE,W
IND,208,6600,59465,15/07/2019,09:36:15,15,1,25.9,1.1,859.5,859.4,2,1,1.00,CYCLE,W
IND,208,6600,59465,15/07/2019,10:26:33,15,1,16.0,1.1,3018.3,3018.2,2,1,1.00,CYCLE,W
IND,208,6600,59465,15/07/2019,10:26:38,15,1,14.9,0.9,4.6,4.4,2,1,1.00,CYCLE,W
IND,208,6600,59465,15/07/2019,10:26:41,15,1,17.5,1.0,3.4,3.2,2,1,1.00,CYCLE,W
IND,208,6600,59465,15/07/2019,10:53:21,15,1,23.6,1.1,1599.8,1599.6,2,1,1.00,CYCLE,W
IND,208,6600,59464,15/07/2019,11:32:48,15,0,27.0,1.0,7859.0,7858.6,2,1,1.00,CYCLE,E
IND,208,6600,59465,15/07/2019,11:44:21,15,1,23.2,1.0,3060.3,3060.1,2,1,1.00,CYCLE,W
IND,208,6600,59465,15/07/2019,12:37:16,15,1,16.5,1.1,3174.5,3174.3,2,1,1.00,CYCLE,W
IND,208,6600,59465,15/07/2019,12:48:33,15,1,25.2,1.0,677.1,676.8,2,1,1.00,CYCLE,W
IND,208,6600,59464,15/07/2019,12:49:30,15,0,20.1,1.0,4602.3,4602.2,2,1,1.00,CYCLE,E
IND,208,6600,59464,15/07/2019,12:49:48,15,0,3.3,1.0,17.5,17.4,2,1,0.33,CYCLE,E
IND,208,6600,59465,15/07/2019,13:16:24,15,1,21.5,1.1,1671.0,1670.9,2,1,1.00,CYCLE,W
IND,208,6600,59465,15/07/2019,13:46:28,15,1,27.2,1.0,1803.9,1803.7,2,1,1.00,CYCLE,W
IND,208,6600,59465,15/07/2019,13:55:27,15,1,28.9,1.1,539.3,539.2,2,1,1.00,CYCLE,W
IND,208,6600,59464,15/07/2019,13:55:46,15,0,13.6,1.0,3958.4,3957.2,2,1,1.00,CYCLE,E
IND,208,6600,59464,15/07/2019,14:26:34,15,0,18.1,1.2,1848.4,1848.2,2,1,1.00,CYCLE,E
IND,208,6600,59464,15/07/2019,14:49:29,15,0,7.2,0.6,1374.9,1374.7,2,1,1.00,CYCLE,E
IND,208,6600,59464,15/07/2019,14:49:33,15,0,7.2,1.1,3.3,3.0,2,1,1.00,CYCLE,E
IND,208,6600,59464,15/07/2019,14:55:03,15,0,13.1,1.1,330.3,329.8,2,1,1.00,CYCLE,E
IND,208,6600,59464,15/07/2019,15:06:41,15,0,21.7,1.0,698.4,698.1,2,1,1.00,CYCLE,E
IND,208,6600,59464,15/07/2019,15:15:20,15,0,20.9,1.0,519.1,518.9,2,1,1.00,CYCLE,E
IND,208,6600,59464,15/07/2019,15:29:04,15,0,15.4,1.1,823.1,822.9,2,1,1.00,CYCLE,E
IND,208,6600,59465,15/07/2019,15:30:51,15,1,23.1,1.2,5724.2,5724.1,2,1,1.00,CYCLE,W
IND,208,6600,59464,15/07/2019,15:35:25,15,0,16.5,1.1,381.0,380.7,2,1,1.00,CYCLE,E
IND,208,6600,59465,15/07/2019,15:47:00,15,1,28.5,1.1,968.4,968.2,2,1,1.00,CYCLE,W
IND,208,6600,59465,15/07/2019,16:00:27,15,1,26.9,1.1,807.8,807.6,2,1,1.00,CYCLE,W
IND,208,6600,59464,15/07/2019,16:02:37,15,0,18.9,1.0,1632.5,1632.3,2,1,1.00,CYCLE,E
IND,208,6600,59465,15/07/2019,16:02:38,15,1,34.6,1.0,130.7,130.5,2,1,1.00,CYCLE,W
IND,208,6600,59465,15/07/2019,16:10:24,15,1,14.8,0.6,465.6,465.5,2,1,1.00,CYCLE,W
IND,208,6600,59465,15/07/2019,16:10:25,15,1,17.0,1.1,1.6,1.5,2,1,1.00,CYCLE,W
IND,208,6600,59465,15/07/2019,16:12:23,15,1,27.8,1.0,117.9,117.6,2,1,1.00,CYCLE,W
IND,208,6600,59464,15/07/2019,16:45:06,15,0,22.2,1.0,2548.6,2548.4,2,1,1.00,CYCLE,E
IND,208,6600,59465,15/07/2019,16:49:12,15,1,25.7,1.1,2208.7,2208.5,2,1,1.00,CYCLE,W
IND,208,6600,59465,15/07/2019,16:55:28,15,1,24.2,1.1,376.0,375.8,2,1,1.00,CYCLE,W
IND,208,6600,59464,15/07/2019,17:06:16,15,0,18.5,1.0,1270.2,1270.0,2,1,1.00,CYCLE,E
IND,208,6600,59465,15/07/2019,17:11:18,15,1,27.8,1.0,458.2,458.1,2,1,1.00,CYCLE,W
IND,208,6600,59465,15/07/2019,17:12:45,15,1,23.2,1.2,86.6,86.5,2,1,1.00,CYCLE,W
IND,208,6600,59465,15/07/2019,17:12:46,15,1,25.0,1.0,1.1,0.9,2,1,1.00,CYCLE,W
IND,208,6600,59465,15/07/2019,17:13:15,15,1,31.0,1.1,28.9,28.7,2,1,1.00,CYCLE,W
IND,208,6600,59465,15/07/2019,17:13:24,15,1,21.6,1.0,9.3,9.2,2,1,1.00,CYCLE,W
IND,208,6600,59465,15/07/2019,17:16:50,15,1,19.3,1.1,206.5,206.4,2,1,1.00,CYCLE,W
IND,208,6600,59465,15/07/2019,17:17:38,15,1,25.8,1.1,47.3,47.1,2,1,1.00,CYCLE,W
IND,208,6600,59464,15/07/2019,17:21:14,15,0,25.6,1.0,898.4,898.2,2,1,1.00,CYCLE,E
IND,208,6600,59465,15/07/2019,17:24:21,15,1,29.2,1.0,403.7,403.5,2,1,1.00,CYCLE,W
IND,208,6600,59465,15/07/2019,17:28:31,15,1,23.7,1.0,249.9,249.8,2,1,1.00,CYCLE,W
IND,208,6600,59465,15/07/2019,17:30:50,15,1,35.6,1.0,138.2,138.0,2,1,1.00,CYCLE,W
IND,208,6600,59464,15/07/2019,17:41:28,15,0,25.4,1.1,1213.9,1213.7,2,1,1.00,CYCLE,E
IND,208,6600,59465,15/07/2019,17:44:58,15,1,34.3,1.0,848.1,848.0,2,1,1.00,CYCLE,W
IND,208,6600,59464,15/07/2019,17:55:44,15,0,29.4,1.0,856.1,856.0,2,1,1.00,CYCLE,E
IND,208,6600,59464,15/07/2019,18:02:55,15,0,23.3,1.1,430.9,430.8,2,1,1.00,CYCLE,E
IND,208,6600,59464,15/07/2019,18:14:36,15,0,19.7,1.0,700.8,700.6,2,1,1.00,CYCLE,E
IND,208,6600,59464,15/07/2019,18:14:53,15,0,27.0,1.0,17.2,17.0,2,1,1.00,CYCLE,E
IND,208,6600,59464,15/07/2019,18:20:09,15,0,21.2,1.0,315.7,315.6,2,1,1.00,CYCLE,E
IND,208,6600,59464,15/07/2019,18:32:07,15,0,22.2,1.0,718.2,718.0,2,1,1.00,CYCLE,E
IND,208,6600,59464,15/07/2019,18:33:26,15,0,22.7,1.1,79.1,78.9,2,1,1.00,CYCLE,E
IND,208,6600,59464,15/07/2019,18:44:15,15,0,27.0,1.1,648.5,648.3,2,1,1.00,CYCLE,E
IND,208,6600,59464,15/07/2019,18:47:16,15,0,27.8,1.0,181.4,181.3,2,1,1.00,CYCLE,E
IND,208,6600,59464,15/07/2019,18:58:25,15,0,23.8,1.1,669.1,669.0,2,1,1.00,CYCLE,E
IND,208,6600,59464,15/07/2019,19:34:28,15,0,27.9,1.1,2163.3,2163.2,2,1,1.00,CYCLE,E
IND,208,6600,59464,15/07/2019,19:43:15,15,0,17.4,1.1,526.7,526.5,2,1,1.00,CYCLE,E
IND,208,6600,59464,15/07/2019,19:58:38,15,0,23.2,1.0,922.9,922.7,2,1,1.00,CYCLE,E
IND,208,6600,59464,15/07/2019,20:05:37,15,0,24.8,1.1,419.1,418.9,2,1,1.00,CYCLE,E
IND,208,6600,59464,15/07/2019,20:44:22,15,0,19.5,1.0,2325.0,2324.8,2,1,1.00,CYCLE,E
IND,208,6600,59465,16/07/2019,06:09:10,15,1,32.9,1.0,44652.6,44652.5,2,1,1.00,CYCLE,W
IND,208,6600,59465,16/07/2019,06:14:04,15,1,31.3,1.1,294.1,294.0,2,1,1.00,CYCLE,W
IND,208,6600,59465,16/07/2019,06:31:25,15,1,31.3,1.0,1040.3,1040.2,2,1,1.00,CYCLE,W
IND,208,6600,59464,16/07/2019,06:38:30,15,0,22.3,1.0,35647.8,35647.7,2,1,1.00,CYCLE,E
IND,208,6600,59465,16/07/2019,06:42:32,15,1,30.4,1.0,667.1,667.0,2,1,1.00,CYCLE,W
IND,208,6600,59465,16/07/2019,07:03:39,15,1,34.4,1.0,1267.4,1267.3,2,1,1.00,CYCLE,W
IND,208,6600,59465,16/07/2019,07:09:11,15,1,26.1,1.0,332.3,332.3,2,1,1.00,CYCLE,W
IND,208,6600,59465,16/07/2019,07:15:47,15,1,29.8,1.1,395.5,395.3,2,1,1.00,CYCLE,W
IND,208,6600,59464,16/07/2019,07:22:34,15,0,19.5,1.0,2644.3,2644.1,2,1,1.00,CYCLE,E
IND,208,6600,59464,16/07/2019,07:30:04,15,0,14.9,1.1,449.5,449.3,2,1,1.00,CYCLE,E
IND,208,6600,59464,16/07/2019,07:36:27,15,0,22.3,1.1,383.3,383.0,2,1,1.00,CYCLE,E
IND,208,6600,59464,16/07/2019,07:40:57,15,0,22.7,1.0,269.6,269.5,2,1,1.00,CYCLE,E
IND,208,6600,59464,16/07/2019,07:43:04,15,0,46.6,1.2,127.4,127.2,2,1,1.00,CYCLE,E
IND,208,6600,59465,16/07/2019,07:44:24,15,1,30.1,1.0,1717.4,1717.3,2,1,1.00,CYCLE,W
IND,208,6600,59465,16/07/2019,07:49:36,15,1,33.6,1.1,311.3,311.1,2,1,1.00,CYCLE,W
IND,208,6600,59465,16/07/2019,07:53:50,15,1,30.0,1.2,254.1,254.0,2,1,1.00,CYCLE,W
IND,208,6600,59464,16/07/2019,07:55:41,15,0,22.9,1.0,757.1,757.0,2,1,1.00,CYCLE,E
IND,208,6600,59465,16/07/2019,07:55:54,15,1,23.5,1.1,124.5,124.3,2,1,1.00,CYCLE,W
IND,208,6600,59465,16/07/2019,07:55:55,15,1,25.0,1.1,0.5,0.4,2,1,1.00,CYCLE,W
IND,208,6600,59465,16/07/2019,07:55:56,15,1,26.3,1.1,1.2,1.1,2,1,1.00,CYCLE,W
IND,208,6600,59465,16/07/2019,07:55:58,15,1,26.4,1.0,1.6,1.4,2,1,1.00,CYCLE,W
IND,208,6600,59465,16/07/2019,07:55:59,15,1,26.3,1.0,1.1,1.0,2,1,1.00,CYCLE,W
IND,208,6600,59465,16/07/2019,07:56:03,15,1,24.5,1.1,4.3,4.2,2,1,1.00,CYCLE,W
IND,208,6600,59465,16/07/2019,07:56:09,15,1,24.1,1.0,6.0,5.8,2,1,1.00,CYCLE,W
IND,208,6600,59465,16/07/2019,07:56:09,15,1,24.1,1.0,0.0,0.0,2,1,1.00,CYCLE,W
IND,208,6600,59464,16/07/2019,07:56:18,15,0,20.2,1.1,37.1,37.0,2,1,1.00,CYCLE,E
IND,208,6600,59464,16/07/2019,07:58:30,15,0,17.5,1.1,132.0,131.8,2,1,1.00,CYCLE,E
IND,208,6600,59464,16/07/2019,08:06:44,15,0,23.9,1.1,494.1,493.9,2,1,1.00,CYCLE,E
IND,208,6600,59465,16/07/2019,08:08:24,15,1,32.0,1.1,735.2,735.0,2,1,1.00,CYCLE,W
IND,208,6600,59464,16/07/2019,08:19:53,15,0,22.4,1.0,788.5,788.4,2,1,1.00,CYCLE,E
IND,208,6600,59465,16/07/2019,08:24:49,15,1,26.5,1.0,984.7,984.6,2,1,1.00,CYCLE,W
IND,208,6600,59465,16/07/2019,08:25:45,15,1,32.2,1.1,56.1,56.0,2,1,1.00,CYCLE,W
IND,208,6600,59464,16/07/2019,08:30:46,15,0,18.3,1.0,652.8,652.7,2,1,1.00,CYCLE,E
IND,208,6600,59464,16/07/2019,08:33:06,15,0,22.3,1.1,140.5,140.3,2,1,1.00,CYCLE,E
IND,208,6600,59465,16/07/2019,08:35:54,15,1,29.0,1.0,609.4,609.3,2,1,1.00,CYCLE,W
IND,208,6600,59464,16/07/2019,08:38:09,15,0,12.8,1.0,302.5,302.4,2,1,1.00,CYCLE,E
IND,208,6600,59464,16/07/2019,08:42:55,15,0,26.6,1.0,286.1,285.8,2,1,1.00,CYCLE,E
IND,208,6600,59464,16/07/2019,08:44:25,15,0,22.9,1.1,89.9,89.8,2,1,1.00,CYCLE,E
IND,208,6600,59464,16/07/2019,08:51:13,15,0,23.5,1.0,408.2,408.1,2,1,1.00,CYCLE,E
IND,208,6600,59465,16/07/2019,09:02:03,15,1,24.7,1.1,1568.3,1568.2,2,1,1.00,CYCLE,W
IND,208,6600,59465,16/07/2019,09:03:32,15,1,33.6,1.0,89.5,89.3,2,1,1.00,CYCLE,W
IND,208,6600,59465,16/07/2019,09:07:13,15,1,18.2,1.1,221.1,221.1,2,1,1.00,CYCLE,W
IND,208,6600,59465,16/07/2019,09:07:16,15,1,28.4,1.0,2.9,2.7,2,1,1.00,CYCLE,W
IND,208,6600,59465,16/07/2019,09:08:30,15,1,26.9,1.0,73.4,73.2,2,1,1.00,CYCLE,W
IND,208,6600,59464,16/07/2019,09:10:53,15,0,22.6,1.1,1179.6,1179.4,2,1,1.00,CYCLE,E
IND,208,6600,59465,16/07/2019,09:19:24,15,1,28.8,1.1,654.7,654.6,2,1,1.00,CYCLE,W
IND,208,6600,59465,16/07/2019,09:26:33,15,1,26.0,1.0,428.3,428.2,2,1,1.00,CYCLE,W
IND,208,6600,59465,16/07/2019,09:28:15,15,1,25.5,1.0,102.3,102.1,2,1,1.00,CYCLE,W
IND,208,6600,59465,16/07/2019,09:31:32,15,1,22.5,1.0,197.4,197.3,2,1,1.00,CYCLE,W
IND,208,6600,59465,16/07/2019,09:31:32,15,1,22.5,1.0,0.0,0.0,2,1,1.00,CYCLE,W
IND,208,6600,59464,16/07/2019,09:42:03,15,0,12.6,1.1,1870.2,1870.0,2,1,1.00,CYCLE,E
IND,208,6600,59464,16/07/2019,10:04:35,15,0,12.8,1.1,1352.6,1352.3,2,1,1.00,CYCLE,E
IND,208,6600,59465,16/07/2019,10:09:06,15,1,35.2,1.1,2254.1,2253.9,2,1,1.00,CYCLE,W
IND,208,6600,59464,16/07/2019,10:12:56,15,0,26.3,1.0,500.3,500.0,2,1,1.00,CYCLE,E
IND,208,6600,59464,16/07/2019,10:16:41,15,0,18.5,1.0,225.4,225.3,2,1,1.00,CYCLE,E
IND,208,6600,59464,16/07/2019,10:16:52,15,0,16.3,1.1,11.3,11.1,2,1,1.00,CYCLE,E
IND,208,6600,59465,16/07/2019,10:40:32,15,1,22.3,1.1,1886.0,1885.9,2,1,1.00,CYCLE,W
IND,208,6600,59465,16/07/2019,10:40:35,15,1,22.8,1.1,2.7,2.6,2,1,1.00,CYCLE,W
IND,208,6600,59465,16/07/2019,10:52:10,15,1,20.9,1.0,694.4,694.2,2,1,1.00,CYCLE,W
IND,208,6600,59465,16/07/2019,10:55:41,15,1,21.6,1.1,211.7,211.5,2,1,1.00,CYCLE,W
IND,208,6600,59464,16/07/2019,10:57:19,15,0,11.8,1.1,2426.7,2426.5,2,1,1.00,CYCLE,E
IND,208,6600,59464,16/07/2019,10:59:14,15,0,18.3,1.0,114.7,114.4,2,1,1.00,CYCLE,E
IND,208,6600,59464,16/07/2019,10:59:14,15,0,18.0,1.0,0.3,0.1,2,1,1.00,CYCLE,E
IND,208,6600,59464,16/07/2019,10:59:21,15,0,19.6,1.0,6.9,6.7,2,1,1.00,CYCLE,E
IND,208,6600,59465,16/07/2019,11:02:50,15,1,27.4,1.1,428.5,428.3,2,1,1.00,CYCLE,W
IND,208,6600,59465,16/07/2019,11:05:28,15,1,20.8,1.1,157.7,157.6,2,1,1.00,CYCLE,W
IND,208,6600,59464,16/07/2019,11:08:08,15,0,25.7,1.0,526.6,526.4,2,1,1.00,CYCLE,E
IND,208,6600,59464,16/07/2019,11:08:08,15,0,25.6,1.0,0.3,0.2,2,1,1.00,CYCLE,E
IND,208,6600,59464,16/07/2019,11:44:29,15,0,21.5,1.0,2181.2,2181.1,2,1,1.00,CYCLE,E
IND,208,6600,59465,16/07/2019,11:51:36,15,1,22.7,1.0,2768.8,2768.6,2,1,1.00,CYCLE,W
IND,208,6600,59464,16/07/2019,12:42:15,15,0,17.5,1.2,3466.0,3465.8,2,1,1.00,CYCLE,E
IND,208,6600,59465,16/07/2019,12:49:03,15,1,43.4,1.2,3446.9,3446.7,2,1,1.00,CYCLE,W
IND,208,6600,59465,16/07/2019,12:58:33,15,1,26.6,1.0,570.0,570.0,2,1,1.00,CYCLE,W
IND,208,6600,59465,16/07/2019,13:19:20,15,1,23.8,1.0,1247.0,1246.9,2,1,1.00,CYCLE,W
IND,208,6600,59465,16/07/2019,13:19:20,15,1,23.8,1.0,0.0,0.0,2,1,1.00,CYCLE,W
IND,208,6600,59464,16/07/2019,13:23:44,15,0,26.3,1.0,2488.5,2488.3,2,1,1.00,CYCLE,E
IND,208,6600,59464,16/07/2019,13:34:15,15,0,14.7,1.0,631.5,631.3,2,1,1.00,CYCLE,E
IND,208,6600,59465,16/07/2019,13:41:49,15,1,17.8,1.1,1348.8,1348.6,2,1,1.00,CYCLE,W
IND,208,6600,59465,16/07/2019,13:52:01,15,1,27.3,1.0,612.1,611.9,2,1,1.00,CYCLE,W
IND,208,6600,59464,16/07/2019,14:10:59,15,0,19.2,1.0,2204.4,2204.1,2,1,1.00,CYCLE,E
IND,208,6600,59465,16/07/2019,14:44:02,15,1,29.5,1.1,3121.2,3121.1,2,1,1.00,CYCLE,W
IND,208,6600,59464,16/07/2019,14:46:58,15,0,19.9,1.1,2159.0,2158.8,2,1,1.00,CYCLE,E
IND,208,6600,59464,16/07/2019,14:57:17,15,0,20.5,1.0,618.3,618.1,2,1,1.00,CYCLE,E
IND,208,6600,59464,16/07/2019,15:05:20,15,0,20.7,1.0,483.1,482.9,2,1,1.00,CYCLE,E
IND,208,6600,59465,16/07/2019,15:08:06,15,1,28.5,1.1,1444.2,1444.0,2,1,1.00,CYCLE,W
IND,208,6600,59465,16/07/2019,15:08:38,15,1,28.5,1.0,31.3,31.2,2,1,1.00,CYCLE,W
IND,208,6600,59465,16/07/2019,15:15:49,15,1,27.7,1.1,430.8,430.7,2,1,1.00,CYCLE,W
IND,208,6600,59465,16/07/2019,15:20:34,15,1,27.4,1.1,285.6,285.5,2,1,1.00,CYCLE,W
IND,208,6600,59464,16/07/2019,15:49:48,15,0,28.9,1.0,2668.6,2668.4,2,1,1.00,CYCLE,E
IND,208,6600,59464,16/07/2019,15:56:07,15,0,18.4,1.1,378.4,378.3,2,1,1.00,CYCLE,E
IND,208,6600,59465,16/07/2019,16:03:54,15,1,27.4,1.0,2600.0,2599.9,2,1,1.00,CYCLE,W
IND,208,6600,59465,16/07/2019,16:03:54,15,1,27.4,1.0,0.0,0.0,2,1,1.00,CYCLE,W
IND,208,6600,59465,16/07/2019,16:21:54,15,1,35.0,1.0,1079.9,1079.7,2,1,1.00,CYCLE,W
IND,208,6600,59464,16/07/2019,16:24:42,15,0,25.6,1.0,1715.6,1715.3,2,1,1.00,CYCLE,E
IND,208,6600,59465,16/07/2019,16:43:53,15,1,28.4,1.1,1318.4,1318.3,2,1,1.00,CYCLE,W
IND,208,6600,59465,16/07/2019,16:46:28,15,1,30.6,1.0,155.3,155.1,2,1,1.00,CYCLE,W
IND,208,6600,59464,16/07/2019,16:49:36,15,0,16.7,1.1,1494.1,1494.0,2,1,1.00,CYCLE,E
IND,208,6600,59464,16/07/2019,16:52:51,15,0,22.3,1.1,194.3,194.1,2,1,1.00,CYCLE,E
IND,208,6600,59465,16/07/2019,16:53:29,15,1,27.4,1.0,421.1,421.0,2,1,1.00,CYCLE,W
IND,208,6600,59464,16/07/2019,16:54:04,15,0,22.1,1.0,72.9,72.7,2,1,1.00,CYCLE,E
IND,208,6600,59465,16/07/2019,16:57:12,15,1,29.1,1.0,222.9,222.8,2,1,1.00,CYCLE,W
IND,208,6600,59465,16/07/2019,16:58:38,15,1,31.8,1.1,86.1,86.0,2,1,1.00,CYCLE,W
IND,208,6600,59465,16/07/2019,16:59:31,15,1,26.3,1.1,53.3,53.1,2,1,1.00,CYCLE,W
IND,208,6600,59465,16/07/2019,17:03:11,15,1,33.9,1.1,219.6,219.4,2,1,1.00,CYCLE,W
IND,208,6600,59465,16/07/2019,17:07:13,15,1,25.0,1.1,242.1,242.0,2,1,1.00,CYCLE,W
IND,208,6600,59465,16/07/2019,17:09:22,15,1,28.8,1.1,128.9,128.7,2,1,1.00,CYCLE,W
IND,208,6600,59465,16/07/2019,17:16:07,15,1,26.4,1.0,207.2,207.2,2,1,1.00,CYCLE,W
IND,208,6600,59465,16/07/2019,17:22:41,15,1,17.8,1.0,394.2,394.1,2,1,1.00,CYCLE,W
IND,208,6600,59464,16/07/2019,17:35:18,15,0,25.9,1.0,2474.1,2473.9,2,1,1.00,CYCLE,E
IND,208,6600,59465,16/07/2019,17:50:47,15,1,32.5,1.0,1686.0,1685.7,2,1,1.00,CYCLE,W
IND,208,6600,59465,16/07/2019,17:52:00,15,1,26.3,1.0,72.9,72.8,2,1,1.00,CYCLE,W
IND,208,6600,59465,16/07/2019,17:54:49,15,1,29.8,1.0,169.4,169.2,2,1,1.00,CYCLE,W
IND,208,6600,59465,16/07/2019,17:54:53,15,1,29.3,1.0,3.2,3.1,2,1,1.00,CYCLE,W
IND,208,6600,59464,16/07/2019,17:56:58,15,0,19.8,1.0,1300.3,1300.2,2,1,1.00,CYCLE,E
IND,208,6600,59464,16/07/2019,17:58:06,15,0,24.0,1.1,67.6,67.4,2,1,1.00,CYCLE,E
IND,208,6600,59464,16/07/2019,18:02:53,15,0,28.9,1.0,287.8,287.6,2,1,1.00,CYCLE,E
IND,208,6600,59464,16/07/2019,18:09:38,15,0,28.9,1.0,405.1,404.9,2,1,1.00,CYCLE,E
IND,208,6600,59464,16/07/2019,18:12:30,15,0,24.2,1.1,171.8,171.7,2,1,1.00,CYCLE,E
IND,208,6600,59464,16/07/2019,18:19:47,15,0,28.0,1.0,437.0,436.8,2,1,1.00,CYCLE,E
IND,208,6600,59464,16/07/2019,18:24:13,15,0,24.5,1.0,266.0,265.9,2,1,1.00,CYCLE,E
IND,208,6600,59465,16/07/2019,18:31:10,15,1,31.2,1.1,2177.7,2177.6,2,1,1.00,CYCLE,W
IND,208,6600,59464,16/07/2019,18:32:12,15,0,22.4,1.0,478.7,478.5,2,1,1.00,CYCLE,E
IND,208,6600,59464,16/07/2019,18:43:52,15,0,22.1,1.1,700.1,699.9,2,1,1.00,CYCLE,E
IND,208,6600,59464,16/07/2019,18:45:01,15,0,27.8,1.1,68.9,68.8,2,1,1.00,CYCLE,E
IND,208,6600,59464,16/07/2019,19:10:48,15,0,26.4,1.1,1547.1,1547.0,2,1,1.00,CYCLE,E
IND,208,6600,59464,16/07/2019,19:19:01,15,0,22.7,1.0,493.4,493.3,2,1,1.00,CYCLE,E
IND,208,6600,59464,16/07/2019,19:21:36,15,0,19.4,1.1,155.1,154.9,2,1,1.00,CYCLE,E
IND,208,6600,59464,16/07/2019,19:27:21,15,0,25.3,1.1,344.3,344.1,2,1,1.00,CYCLE,E
IND,208,6600,59464,16/07/2019,19:44:22,15,0,25.9,1.0,1021.1,1020.9,2,1,1.00,CYCLE,E
IND,208,6600,59464,16/07/2019,19:52:28,15,0,18.3,1.1,486.0,485.8,2,1,1.00,CYCLE,E
IND,208,6600,59464,16/07/2019,20:13:51,15,0,21.9,1.0,1283.7,1283.5,2,1,1.00,CYCLE,E
IND,208,6600,59465,17/07/2019,06:17:50,15,1,32.9,1.1,42399.8,42399.7,2,1,1.00,CYCLE,W
IND,208,6600,59464,17/07/2019,06:37:58,15,0,20.5,1.1,37446.2,37446.1,2,1,1.00,CYCLE,E
IND,208,6600,59465,17/07/2019,06:38:02,15,1,29.1,1.1,1211.9,1211.8,2,1,1.00,CYCLE,W
IND,208,6600,59464,17/07/2019,07:26:35,15,0,22.7,1.1,2917.4,2917.2,2,1,1.00,CYCLE,E
IND,208,6600,59464,17/07/2019,07:35:53,15,0,25.6,1.0,557.5,557.4,2,1,1.00,CYCLE,E
IND,208,6600,59464,17/07/2019,07:39:44,15,0,15.5,1.0,91.0,90.9,2,1,1.00,CYCLE,E
IND,208,6600,59464,17/07/2019,07:40:00,15,0,18.4,1.0,16.3,16.1,2,1,1.00,CYCLE,E
IND,208,6600,59465,17/07/2019,07:44:47,15,1,31.0,1.1,4004.6,4004.5,2,1,1.00,CYCLE,W
IND,208,6600,59465,17/07/2019,07:46:57,15,1,31.2,1.1,130.3,130.1,2,1,1.00,CYCLE,W
IND,208,6600,59464,17/07/2019,07:52:09,15,0,16.3,1.1,544.1,544.0,2,1,1.00,CYCLE,E
IND,208,6600,59465,17/07/2019,07:58:10,15,1,32.4,1.0,673.3,673.1,2,1,1.00,CYCLE,W
IND,208,6600,59465,17/07/2019,07:58:14,15,1,34.0,1.0,4.0,3.9,2,1,1.00,CYCLE,W
IND,208,6600,59464,17/07/2019,07:59:56,15,0,28.5,1.0,467.3,467.1,2,1,1.00,CYCLE,E
IND,208,6600,59464,17/07/2019,08:00:30,15,0,17.9,1.1,33.9,33.8,2,1,1.00,CYCLE,E
IND,208,6600,59464,17/07/2019,08:00:55,15,0,25.0,1.0,24.4,24.2,2,1,1.00,CYCLE,E
IND,208,6600,59464,17/07/2019,08:01:37,15,0,23.4,1.1,43.0,42.8,2,1,1.00,CYCLE,E
IND,208,6600,59464,17/07/2019,08:02:11,15,0,23.7,1.1,33.2,33.1,2,1,1.00,CYCLE,E
IND,208,6600,59465,17/07/2019,08:06:48,15,1,30.0,1.1,514.2,514.1,2,1,1.00,CYCLE,W
IND,208,6600,59465,17/07/2019,08:08:28,15,1,33.5,1.0,99.4,99.2,2,1,1.00,CYCLE,W
IND,208,6600,59465,17/07/2019,08:09:02,15,1,29.4,1.0,33.9,33.8,2,1,1.00,CYCLE,W
IND,208,6600,59465,17/07/2019,08:14:15,15,1,26.1,1.0,313.1,313.0,2,1,1.00,CYCLE,W
IND,208,6600,59464,17/07/2019,08:23:26,15,0,21.2,1.1,1275.1,1274.9,2,1,1.00,CYCLE,E
IND,208,6600,59465,17/07/2019,08:27:41,15,1,35.1,1.0,806.5,806.4,2,1,1.00,CYCLE,W
IND,208,6600,59464,17/07/2019,08:34:39,15,0,16.8,1.0,673.4,673.2,2,1,1.00,CYCLE,E
IND,208,6600,59465,17/07/2019,08:41:51,15,1,29.0,1.0,849.9,849.8,2,1,1.00,CYCLE,W
IND,208,6600,59464,17/07/2019,08:43:34,15,0,24.9,1.0,535.0,534.8,2,1,1.00,CYCLE,E
IND,208,6600,59464,17/07/2019,08:53:19,15,0,19.0,1.1,584.9,584.7,2,1,1.00,CYCLE,E
IND,208,6600,59464,17/07/2019,08:53:20,15,0,18.4,1.1,1.4,1.1,2,1,1.00,CYCLE,E
IND,208,6600,59464,17/07/2019,09:07:57,15,0,24.1,1.0,876.1,875.9,2,1,1.00,CYCLE,E
IND,208,6600,59465,17/07/2019,09:11:33,15,1,25.8,1.0,1781.5,1781.4,2,1,1.00,CYCLE,W
IND,208,6600,59465,17/07/2019,09:21:08,15,1,26.9,1.0,574.9,574.7,2,1,1.00,CYCLE,W
IND,208,6600,59464,17/07/2019,09:32:49,15,0,30.8,1.1,1492.1,1492.0,2,1,1.00,CYCLE,E
IND,208,6600,59464,17/07/2019,09:43:14,15,0,10.7,1.0,625.4,625.3,2,1,1.00,CYCLE,E
IND,208,6600,59464,17/07/2019,09:44:15,15,0,19.5,1.1,61.3,61.0,2,1,1.00,CYCLE,E
IND,208,6600,59465,17/07/2019,09:49:47,15,1,26.9,1.1,1719.1,1718.9,2,1,1.00,CYCLE,W
IND,208,6600,59465,17/07/2019,09:59:19,15,1,31.9,1.1,572.6,572.4,2,1,1.00,CYCLE,W
IND,208,6600,59464,17/07/2019,10:05:19,15,0,19.8,1.1,1263.6,1263.4,2,1,1.00,CYCLE,E
IND,208,6600,59465,17/07/2019,10:28:02,15,1,31.3,1.1,1722.4,1722.3,2,1,1.00,CYCLE,W
IND,208,6600,59465,17/07/2019,10:31:11,15,1,25.4,1.0,189.2,189.1,2,1,1.00,CYCLE,W
IND,208,6600,59465,17/07/2019,10:31:12,15,1,26.3,1.0,1.0,0.9,2,1,1.00,CYCLE,W
IND,208,6600,59464,17/07/2019,10:31:16,15,0,15.9,1.1,1557.0,1556.8,2,1,1.00,CYCLE,E
IND,208,6600,59465,17/07/2019,11:09:28,15,1,21.2,1.1,2296.2,2296.1,2,1,1.00,CYCLE,W
IND,208,6600,59465,17/07/2019,11:12:48,15,1,26.1,1.0,199.6,199.4,2,1,1.00,CYCLE,W
IND,208,6600,59465,17/07/2019,11:15:51,15,1,27.6,1.1,183.2,183.1,2,1,1.00,CYCLE,W
IND,208,6600,59464,17/07/2019,11:27:07,15,0,11.6,1.1,3350.7,3350.4,2,1,1.00,CYCLE,E
IND,208,6600,59465,17/07/2019,11:47:51,15,1,30.5,1.0,1919.9,1919.7,2,1,1.00,CYCLE,W
IND,208,6600,59465,17/07/2019,12:08:27,15,1,17.6,1.1,1236.5,1236.4,2,1,1.00,CYCLE,W
IND,208,6600,59464,17/07/2019,12:33:51,15,0,16.9,1.0,4004.3,4004.0,2,1,1.00,CYCLE,E
IND,208,6600,59464,17/07/2019,12:33:52,15,0,18.2,1.1,1.3,1.1,2,1,1.00,CYCLE,E
IND,208,6600,59464,17/07/2019,12:33:53,15,0,18.7,1.0,0.8,0.6,2,1,1.00,CYCLE,E
IND,208,6600,59464,17/07/2019,12:33:54,15,0,18.4,1.0,1.1,0.9,2,1,1.00,CYCLE,E
IND,208,6600,59464,17/07/2019,12:33:56,15,0,20.1,1.1,1.4,1.2,2,1,1.00,CYCLE,E
IND,208,6600,59464,17/07/2019,12:37:36,15,0,20.9,1.1,220.6,220.5,2,1,1.00,CYCLE,E
IND,208,6600,59464,17/07/2019,13:02:29,15,0,18.3,1.0,1492.4,1492.2,2,1,1.00,CYCLE,E
IND,208,6600,59464,17/07/2019,13:40:01,15,0,15.6,1.0,2252.8,2252.6,2,1,1.00,CYCLE,E
IND,208,6600,59465,17/07/2019,14:40:23,15,1,24.1,1.1,9115.6,9115.4,2,1,1.00,CYCLE,W
IND,208,6600,59465,17/07/2019,14:40:24,15,1,25.1,1.0,0.6,0.4,2,1,1.00,CYCLE,W
IND,208,6600,59465,17/07/2019,14:40:24,15,1,26.7,1.0,0.9,0.8,2,1,1.00,CYCLE,W
IND,208,6600,59465,17/07/2019,14:40:26,15,1,25.6,1.0,1.4,1.3,2,1,1.00,CYCLE,W
IND,208,6600,59465,17/07/2019,15:54:38,15,1,32.0,1.0,4451.9,4451.8,2,1,1.00,CYCLE,W
IND,208,6600,59465,17/07/2019,16:12:07,15,1,21.5,1.1,1049.1,1049.1,2,1,1.00,CYCLE,W
IND,208,6600,59465,17/07/2019,16:29:54,15,1,22.0,1.0,1067.1,1066.9,2,1,1.00,CYCLE,W
IND,208,6600,59465,17/07/2019,16:31:56,15,1,29.1,1.1,121.5,121.3,2,1,1.00,CYCLE,W
IND,208,6600,59465,17/07/2019,16:39:19,15,1,28.5,1.0,443.7,443.6,2,1,1.00,CYCLE,W
IND,208,6600,59465,17/07/2019,16:50:34,15,1,24.2,1.0,675.0,674.9,2,1,1.00,CYCLE,W
IND,208,6600,59465,17/07/2019,17:10:49,15,1,25.2,1.0,1214.8,1214.6,2,1,1.00,CYCLE,W
IND,208,6600,59465,17/07/2019,17:12:01,15,1,30.4,1.1,71.9,71.8,2,1,1.00,CYCLE,W
IND,208,6600,59464,17/07/2019,17:18:50,15,0,8.6,0.9,13128.7,13128.5,2,1,1.00,CYCLE,E
IND,208,6600,59465,17/07/2019,17:19:54,15,1,24.7,1.0,473.4,473.3,2,1,1.00,CYCLE,W
IND,208,6600,59465,17/07/2019,17:28:33,15,1,16.9,1.0,504.7,504.6,2,1,1.00,CYCLE,W
IND,208,6600,59465,17/07/2019,17:34:30,15,1,25.9,1.0,356.4,356.1,2,1,1.00,CYCLE,W
IND,208,6600,59464,17/07/2019,17:39:18,15,0,24.5,1.0,1227.7,1227.3,2,1,1.00,CYCLE,E
IND,208,6600,59464,17/07/2019,17:44:47,15,0,21.7,1.2,329.7,329.5,2,1,1.00,CYCLE,E
IND,208,6600,59465,17/07/2019,17:53:28,15,1,34.7,1.0,1138.4,1138.2,2,1,1.00,CYCLE,W
IND,208,6600,59464,17/07/2019,18:06:20,15,0,18.0,1.0,1293.0,1292.8,2,1,1.00,CYCLE,E
IND,208,6600,59465,17/07/2019,18:18:16,15,1,24.6,1.0,1488.1,1488.0,2,1,1.00,CYCLE,W
IND,208,6600,59465,17/07/2019,18:21:13,15,1,31.7,1.0,176.9,176.7,2,1,1.00,CYCLE,W
IND,208,6600,59464,17/07/2019,18:23:03,15,0,21.9,1.1,1002.4,1002.2,2,1,1.00,CYCLE,E
IND,208,6600,59465,17/07/2019,18:26:41,15,1,31.7,1.1,327.9,327.7,2,1,1.00,CYCLE,W
IND,208,6600,59464,17/07/2019,18:29:16,15,0,21.0,1.0,373.3,373.2,2,1,1.00,CYCLE,E
IND,208,6600,59464,17/07/2019,18:46:39,15,0,25.0,1.0,1042.6,1042.4,2,1,1.00,CYCLE,E
IND,208,6600,59464,17/07/2019,18:49:19,15,0,25.9,1.0,160.2,160.0,2,1,1.00,CYCLE,E
IND,208,6600,59464,17/07/2019,18:53:33,15,0,22.6,1.0,253.9,253.8,2,1,1.00,CYCLE,E
IND,208,6600,59465,17/07/2019,19:02:44,15,1,30.2,1.1,2162.6,2162.5,2,1,1.00,CYCLE,W
IND,208,6600,59465,17/07/2019,19:19:41,15,1,29.5,1.0,1017.1,1016.9,2,1,1.00,CYCLE,W
IND,208,6600,59464,17/07/2019,19:44:48,15,0,18.4,1.1,3074.8,3074.7,2,1,1.00,CYCLE,E
IND,208,6600,59464,17/07/2019,20:21:45,15,0,27.6,1.2,2217.1,2216.9,2,1,1.00,CYCLE,E
IND,208,6600,59464,17/07/2019,21:09:53,15,0,17.2,1.0,2888.1,2888.0,2,1,1.00,CYCLE,E
IND,208,6600,59464,17/07/2019,21:51:53,15,0,19.8,1.0,2520.0,2519.8,2,1,1.00,CYCLE,E
IND,208,6600,59464,17/07/2019,22:23:34,15,0,21.9,1.0,1900.6,1900.4,2,1,1.00,CYCLE,E
IND,208,6600,59465,18/07/2019,05:58:18,15,1,31.4,1.0,38317.9,38317.7,2,1,1.00,CYCLE,W
IND,208,6600,59465,18/07/2019,06:03:52,15,1,33.5,1.0,333.3,333.2,2,1,1.00,CYCLE,W
IND,208,6600,59465,18/07/2019,06:17:20,15,1,30.7,1.1,807.8,807.7,2,1,1.00,CYCLE,W
IND,208,6600,59465,18/07/2019,06:39:51,15,1,33.2,1.0,1351.8,1351.6,2,1,1.00,CYCLE,W
IND,208,6600,59465,18/07/2019,06:53:45,15,1,32.3,1.1,833.9,833.8,2,1,1.00,CYCLE,W
IND,208,6600,59465,18/07/2019,07:05:48,15,1,25.0,1.0,723.1,723.0,2,1,1.00,CYCLE,W
IND,208,6600,59465,18/07/2019,07:06:18,15,1,36.6,1.0,30.0,29.8,2,1,1.00,CYCLE,W
IND,208,6600,59464,18/07/2019,07:19:44,15,0,21.8,1.1,32170.9,32170.7,2,1,1.00,CYCLE,E
IND,208,6600,59465,18/07/2019,07:29:09,15,1,30.9,1.1,1370.7,1370.6,2,1,1.00,CYCLE,W
IND,208,6600,59464,18/07/2019,07:29:59,15,0,22.3,1.0,614.1,614.0,2,1,1.00,CYCLE,E
IND,208,6600,59465,18/07/2019,07:34:47,15,1,29.4,1.0,338.1,338.0,2,1,1.00,CYCLE,W
IND,208,6600,59465,18/07/2019,07:34:48,15,1,28.5,1.0,0.4,0.3,2,1,1.00,CYCLE,W
IND,208,6600,59464,18/07/2019,07:34:50,15,0,22.1,1.1,291.6,291.4,2,1,1.00,CYCLE,E
IND,208,6600,59465,18/07/2019,07:35:33,15,1,28.6,1.1,45.2,45.1,2,1,1.00,CYCLE,W
IND,208,6600,59465,18/07/2019,07:42:40,15,1,32.2,1.0,426.9,426.7,2,1,1.00,CYCLE,W
IND,208,6600,59464,18/07/2019,07:45:30,15,0,14.3,1.1,639.6,639.4,2,1,1.00,CYCLE,E
IND,208,6600,59465,18/07/2019,07:45:59,15,1,38.0,1.0,199.9,199.8,2,1,1.00,CYCLE,W
IND,208,6600,59465,18/07/2019,07:48:40,15,1,34.1,1.0,160.5,160.4,2,1,1.00,CYCLE,W
IND,208,6600,59465,18/07/2019,07:49:19,15,1,30.8,1.0,38.7,38.6,2,1,1.00,CYCLE,W
IND,208,6600,59465,18/07/2019,07:50:10,15,1,32.1,1.1,51.4,51.3,2,1,1.00,CYCLE,W
IND,208,6600,59464,18/07/2019,07:50:49,15,0,21.6,1.0,319.6,319.3,2,1,1.00,CYCLE,E
IND,208,6600,59465,18/07/2019,07:55:38,15,1,25.0,1.1,327.7,327.6,2,1,1.00,CYCLE,W
IND,208,6600,59464,18/07/2019,08:00:54,15,0,25.1,1.0,604.9,604.8,2,1,1.00,CYCLE,E
IND,208,6600,59465,18/07/2019,08:01:48,15,1,31.4,1.0,370.0,369.9,2,1,1.00,CYCLE,W
IND,208,6600,59465,18/07/2019,08:03:36,15,1,34.9,1.0,108.4,108.3,2,1,1.00,CYCLE,W
IND,208,6600,59465,18/07/2019,08:10:55,15,1,25.3,1.0,439.2,439.1,2,1,1.00,CYCLE,W
IND,208,6600,59465,18/07/2019,08:10:55,15,1,25.3,1.0,0.0,0.0,2,1,1.00,CYCLE,W
IND,208,6600,59464,18/07/2019,08:12:23,15,0,23.0,1.1,689.2,689.1,2,1,1.00,CYCLE,E
IND,208,6600,59465,18/07/2019,08:18:19,15,1,28.3,1.0,444.0,443.7,2,1,1.00,CYCLE,W
IND,208,6600,59465,18/07/2019,08:27:53,15,1,29.7,1.1,573.6,573.5,2,1,1.00,CYCLE,W
IND,208,6600,59465,18/07/2019,08:32:19,15,1,34.1,1.1,266.2,266.1,2,1,1.00,CYCLE,W
IND,208,6600,59465,18/07/2019,08:32:25,15,1,29.7,1.0,5.7,5.6,2,1,1.00,CYCLE,W
IND,208,6600,59464,18/07/2019,08:33:01,15,0,14.6,1.0,1237.5,1237.4,2,1,1.00,CYCLE,E
IND,208,6600,59464,18/07/2019,08:34:52,15,0,19.1,1.1,111.3,111.0,2,1,1.00,CYCLE,E
IND,208,6600,59465,18/07/2019,08:35:50,15,1,30.7,1.0,205.0,204.9,2,1,1.00,CYCLE,W
IND,208,6600,59465,18/07/2019,08:37:50,15,1,29.7,1.1,119.6,119.5,2,1,1.00,CYCLE,W
IND,208,6600,59465,18/07/2019,08:38:26,15,1,26.4,1.1,36.5,36.4,2,1,1.00,CYCLE,W
IND,208,6600,59465,18/07/2019,08:55:47,15,1,30.2,1.0,1040.6,1040.5,2,1,1.00,CYCLE,W
IND,208,6600,59465,18/07/2019,08:57:20,15,1,21.4,1.1,93.9,93.8,2,1,1.00,CYCLE,W
IND,208,6600,59465,18/07/2019,09:02:32,15,1,32.7,1.1,311.8,311.6,2,1,1.00,CYCLE,W
IND,208,6600,59464,18/07/2019,09:03:49,15,0,21.3,1.0,1737.0,1736.8,2,1,1.00,CYCLE,E
IND,208,6600,59465,18/07/2019,09:04:28,15,1,31.0,1.1,116.0,115.9,2,1,1.00,CYCLE,W
IND,208,6600,59464,18/07/2019,09:04:35,15,0,16.7,1.0,45.6,46.3,2,1,0.80,CYCLE,E
IND,208,6600,59465,18/07/2019,09:05:20,15,1,32.7,1.0,52.1,52.0,2,1,1.00,CYCLE,W
IND,208,6600,59464,18/07/2019,09:06:27,15,0,19.7,1.0,112.3,111.2,2,1,1.00,CYCLE,E
IND,208,6600,59465,18/07/2019,09:20:06,15,1,27.6,1.0,885.6,885.5,2,1,1.00,CYCLE,W
IND,208,6600,59464,18/07/2019,09:27:56,15,0,18.0,1.0,1288.6,1288.4,2,1,1.00,CYCLE,E
IND,208,6600,59465,18/07/2019,09:28:35,15,1,3.7,1.0,509.0,508.8,2,1,0.67,CYCLE,W
IND,208,6600,59465,18/07/2019,09:44:37,15,1,30.8,1.1,962.1,961.2,2,1,1.00,CYCLE,W
IND,208,6600,59465,18/07/2019,09:56:30,15,1,30.1,1.1,712.6,712.4,2,1,1.00,CYCLE,W
IND,208,6600,59464,18/07/2019,09:57:14,15,0,28.7,1.0,1758.0,1757.8,2,1,1.00,CYCLE,E
IND,208,6600,59464,18/07/2019,09:59:26,15,0,28.7,1.0,132.4,132.3,2,1,1.00,CYCLE,E
IND,208,6600,59465,18/07/2019,10:01:38,15,1,26.5,1.0,308.7,308.5,2,1,1.00,CYCLE,W
IND,208,6600,59464,18/07/2019,10:21:53,15,0,14.6,0.6,1347.2,1347.1,2,1,0.80,CYCLE,E
IND,208,6600,59464,18/07/2019,10:23:22,15,0,23.3,1.0,88.7,88.6,2,1,1.00,CYCLE,E
IND,208,6600,59464,18/07/2019,10:23:22,15,0,23.3,1.0,0.0,0.0,2,1,1.00,CYCLE,E
IND,208,6600,59464,18/07/2019,10:41:06,15,0,19.4,1.1,1063.7,1063.4,2,1,1.00,CYCLE,E
IND,208,6600,59464,18/07/2019,10:48:00,15,0,9.0,0.3,414.2,414.0,2,1,1.00,CYCLE,E
IND,208,6600,59464,18/07/2019,10:48:56,15,0,24.7,1.0,56.2,56.1,2,1,1.00,CYCLE,E
IND,208,6600,59464,18/07/2019,10:48:57,15,0,23.8,1.0,0.8,0.6,2,1,1.00,CYCLE,E
IND,208,6600,59464,18/07/2019,10:48:57,15,0,22.8,1.0,0.4,0.3,2,1,1.00,CYCLE,E
IND,208,6600,59465,18/07/2019,10:57:30,15,1,33.6,1.0,3351.5,3351.3,2,1,1.00,CYCLE,W
IND,208,6600,59464,18/07/2019,10:58:43,15,0,12.2,1.0,586.0,585.8,2,1,1.00,CYCLE,E
IND,208,6600,59464,18/07/2019,11:17:21,15,0,32.2,1.0,1117.4,1117.1,2,1,1.00,CYCLE,E
IND,208,6600,59465,18/07/2019,11:21:02,15,1,15.3,1.1,1412.5,1412.5,2,1,1.00,CYCLE,W
IND,208,6600,59464,18/07/2019,11:26:34,15,0,20.7,1.1,553.5,553.4,2,1,1.00,CYCLE,E
IND,208,6600,59465,18/07/2019,11:27:49,15,1,19.0,1.1,353.0,352.3,2,1,1.00,CYCLE,W
IND,208,6600,59465,18/07/2019,11:35:23,15,1,36.2,1.0,454.1,453.9,2,1,1.00,CYCLE,W
IND,208,6600,59464,18/07/2019,11:48:57,15,0,25.5,1.1,1342.8,1342.6,2,1,1.00,CYCLE,E
IND,208,6600,59464,18/07/2019,11:50:46,15,0,23.3,1.0,108.6,108.4,2,1,1.00,CYCLE,E
IND,208,6600,59465,18/07/2019,11:58:20,15,1,4.7,1.0,1376.7,1376.9,2,1,0.67,CYCLE,W
IND,208,6600,59465,18/07/2019,11:58:49,15,1,24.5,1.1,29.5,28.6,2,1,1.00,CYCLE,W
IND,208,6600,59464,18/07/2019,12:00:18,15,0,25.6,1.0,572.1,572.0,2,1,1.00,CYCLE,E
IND,208,6600,59464,18/07/2019,12:03:36,15,0,26.1,1.0,198.5,198.3,2,1,1.00,CYCLE,E
IND,208,6600,59464,18/07/2019,12:21:17,15,0,4.2,0.6,1060.4,1060.3,2,1,0.80,CYCLE,E
IND,208,6600,59465,18/07/2019,12:24:24,15,1,26.0,1.2,1534.4,1534.3,2,1,1.00,CYCLE,W
IND,208,6600,59464,18/07/2019,12:28:12,15,0,23.8,1.0,415.2,414.7,2,1,1.00,CYCLE,E
IND,208,6600,59465,18/07/2019,12:35:36,15,1,20.8,1.1,672.3,672.2,2,1,1.00,CYCLE,W
IND,208,6600,59465,18/07/2019,12:45:49,15,1,18.1,1.1,612.9,612.7,2,1,1.00,CYCLE,W
IND,208,6600,59465,18/07/2019,12:45:49,15,1,18.1,1.1,0.3,0.1,2,1,1.00,CYCLE,W
IND,208,6600,59465,18/07/2019,13:10:00,15,1,29.4,1.0,1451.3,1451.0,2,1,1.00,CYCLE,W
IND,208,6600,59464,18/07/2019,13:14:47,15,0,21.6,1.0,2795.7,2795.5,2,1,1.00,CYCLE,E
IND,208,6600,59464,18/07/2019,13:23:38,15,0,21.0,1.0,530.7,530.5,2,1,1.00,CYCLE,E
IND,208,6600,59464,18/07/2019,13:50:39,15,0,13.4,1.1,1621.2,1621.0,2,1,1.00,CYCLE,E
IND,208,6600,59464,18/07/2019,13:56:59,15,0,10.6,1.0,380.0,379.7,2,1,1.00,CYCLE,E
IND,208,6600,59464,18/07/2019,13:57:00,15,0,9.2,1.0,0.6,0.2,2,1,1.00,CYCLE,E
IND,208,6600,59465,18/07/2019,14:09:11,15,1,24.6,1.0,3551.1,3551.0,2,1,1.00,CYCLE,W
IND,208,6600,59465,18/07/2019,14:09:11,15,1,24.6,1.0,0.0,0.0,2,1,1.00,CYCLE,W
IND,208,6600,59464,18/07/2019,14:22:11,15,0,20.1,1.1,1511.2,1510.8,2,1,1.00,CYCLE,E
IND,208,6600,59465,18/07/2019,14:24:24,15,1,29.3,1.1,912.6,912.4,2,1,1.00,CYCLE,W
IND,208,6600,59464,18/07/2019,14:41:32,15,0,18.8,1.1,1160.9,1160.7,2,1,1.00,CYCLE,E
IND,208,6600,59465,18/07/2019,15:14:09,15,1,7.4,0.5,2051.8,2051.8,2,1,1.00,CYCLE,W
IND,208,6600,59464,18/07/2019,15:31:39,15,0,13.4,1.0,3007.1,3006.9,2,1,1.00,CYCLE,E
IND,208,6600,59464,18/07/2019,15:31:39,15,0,13.4,1.0,0.0,0.0,2,1,1.00,CYCLE,E
IND,208,6600,59464,18/07/2019,15:39:48,15,0,22.8,1.1,323.3,322.7,2,1,1.00,CYCLE,E
IND,208,6600,59465,18/07/2019,15:40:09,15,1,4.9,1.0,1559.9,1559.8,2,1,0.89,CYCLE,W
IND,208,6600,59465,18/07/2019,15:40:09,15,1,4.9,1.0,0.0,0.0,2,1,0.89,CYCLE,W
IND,208,6600,59465,18/07/2019,15:40:14,15,1,15.3,1.1,4.9,3.5,2,1,1.00,CYCLE,W
IND,208,6600,59464,18/07/2019,16:01:04,15,0,17.2,1.1,1275.9,1275.7,2,1,1.00,CYCLE,E
IND,208,6600,59464,18/07/2019,16:01:30,15,0,20.0,1.1,26.0,25.8,2,1,1.00,CYCLE,E
IND,208,6600,59464,18/07/2019,16:02:53,15,0,22.4,1.1,83.6,83.4,2,1,1.00,CYCLE,E
IND,208,6600,59464,18/07/2019,16:05:20,15,0,20.9,1.1,146.3,146.1,2,1,1.00,CYCLE,E
IND,208,6600,59464,18/07/2019,16:17:50,15,0,24.3,1.0,750.8,750.6,2,1,1.00,CYCLE,E
IND,208,6600,59464,18/07/2019,16:20:26,15,0,23.0,1.0,155.3,155.1,2,1,1.00,CYCLE,E
IND,208,6600,59464,18/07/2019,16:34:49,15,0,24.7,1.0,862.9,862.8,2,1,1.00,CYCLE,E
IND,208,6600,59465,18/07/2019,16:35:49,15,1,7.0,1.1,3335.0,3334.9,2,1,1.00,CYCLE,W
IND,208,6600,59465,18/07/2019,16:35:51,15,1,11.3,1.0,2.1,1.4,2,1,1.00,CYCLE,W
IND,208,6600,59464,18/07/2019,16:44:21,15,0,18.6,1.0,572.7,572.6,2,1,1.00,CYCLE,E
IND,208,6600,59465,18/07/2019,16:46:53,15,1,34.0,1.0,662.5,662.0,2,1,1.00,CYCLE,W
IND,208,6600,59465,18/07/2019,16:47:00,15,1,29.9,1.1,6.1,6.0,2,1,1.00,CYCLE,W
IND,208,6600,59465,18/07/2019,16:47:32,15,1,27.6,1.1,32.5,32.4,2,1,1.00,CYCLE,W
IND,208,6600,59465,18/07/2019,16:51:51,15,1,32.6,1.1,259.1,259.0,2,1,1.00,CYCLE,W
IND,208,6600,59465,18/07/2019,16:52:20,15,1,26.2,1.1,29.2,29.1,2,1,1.00,CYCLE,W
IND,208,6600,59464,18/07/2019,16:52:39,15,0,25.6,1.0,498.0,497.8,2,1,1.00,CYCLE,E
IND,208,6600,59464,18/07/2019,16:53:08,15,0,21.6,1.1,28.5,28.3,2,1,1.00,CYCLE,E
IND,208,6600,59465,18/07/2019,16:54:58,15,1,22.6,1.1,157.6,157.5,2,1,1.00,CYCLE,W
IND,208,6600,59465,18/07/2019,16:55:04,15,1,33.5,1.1,5.9,5.8,2,1,1.00,CYCLE,W
IND,208,6600,59465,18/07/2019,17:04:04,15,1,29.3,1.1,539.6,539.5,2,1,1.00,CYCLE,W
IND,208,6600,59465,18/07/2019,17:10:30,15,1,28.1,1.0,386.4,386.3,2,1,1.00,CYCLE,W
IND,208,6600,59464,18/07/2019,17:12:00,15,0,4.8,1.0,1131.9,1131.7,2,1,0.80,CYCLE,E
IND,208,6600,59464,18/07/2019,17:13:27,15,0,24.1,1.1,87.4,86.6,2,1,1.00,CYCLE,E
IND,208,6600,59464,18/07/2019,17:15:48,15,0,20.3,1.1,140.8,140.7,2,1,1.00,CYCLE,E
IND,208,6600,59465,18/07/2019,17:17:44,15,1,23.9,1.0,434.1,434.0,2,1,1.00,CYCLE,W
IND,208,6600,59465,18/07/2019,17:18:47,15,1,23.6,1.0,63.4,63.2,2,1,1.00,CYCLE,W
IND,208,6600,59464,18/07/2019,17:23:16,15,0,25.0,1.0,448.0,447.8,2,1,1.00,CYCLE,E
IND,208,6600,59465,18/07/2019,17:30:22,15,1,29.1,1.0,694.8,694.7,2,1,1.00,CYCLE,W
IND,208,6600,59464,18/07/2019,17:34:13,15,0,27.8,1.0,656.7,656.6,2,1,1.00,CYCLE,E
IND,208,6600,59464,18/07/2019,17:37:33,15,0,23.9,1.0,200.1,200.0,2,1,1.00,CYCLE,E
IND,208,6600,59465,18/07/2019,17:42:41,15,1,18.8,1.0,739.0,738.9,2,1,1.00,CYCLE,W
IND,208,6600,59465,18/07/2019,17:42:44,15,1,20.9,1.1,2.9,2.7,2,1,1.00,CYCLE,W
IND,208,6600,59465,18/07/2019,17:42:58,15,1,34.5,1.0,13.5,13.3,2,1,1.00,CYCLE,W
IND,208,6600,59465,18/07/2019,17:46:07,15,1,26.4,1.0,189.1,189.1,2,1,1.00,CYCLE,W
IND,208,6600,59464,18/07/2019,17:49:39,15,0,25.3,1.1,726.3,726.1,2,1,1.00,CYCLE,E
IND,208,6600,59465,18/07/2019,17:51:44,15,1,31.8,1.0,337.5,337.4,2,1,1.00,CYCLE,W
IND,208,6600,59464,18/07/2019,17:52:46,15,0,14.5,1.0,186.5,186.3,2,1,1.00,CYCLE,E
IND,208,6600,59464,18/07/2019,17:52:56,15,0,14.0,1.0,10.4,10.1,2,1,1.00,CYCLE,E
IND,208,6600,59465,18/07/2019,17:58:34,15,1,24.9,1.0,409.3,409.2,2,1,1.00,CYCLE,W
IND,208,6600,59464,18/07/2019,18:02:23,15,0,26.2,1.0,567.0,566.7,2,1,1.00,CYCLE,E
IND,208,6600,59465,18/07/2019,18:03:26,15,1,31.0,1.0,292.4,292.3,2,1,1.00,CYCLE,W
IND,208,6600,59464,18/07/2019,18:15:41,15,0,28.3,1.0,797.9,797.8,2,1,1.00,CYCLE,E
IND,208,6600,59464,18/07/2019,18:22:34,15,0,27.2,1.0,413.1,413.0,2,1,1.00,CYCLE,E
IND,208,6600,59464,18/07/2019,18:22:59,15,0,25.3,1.2,24.8,24.7,2,1,1.00,CYCLE,E
IND,208,6600,59464,18/07/2019,18:23:20,15,0,25.3,1.0,21.0,20.9,2,1,1.00,CYCLE,E
IND,208,6600,59464,18/07/2019,18:26:57,15,0,26.0,1.1,217.1,217.0,2,1,1.00,CYCLE,E
IND,208,6600,59465,18/07/2019,18:28:34,15,1,29.6,1.1,1508.2,1508.1,2,1,1.00,CYCLE,W
IND,208,6600,59465,18/07/2019,18:29:34,15,1,34.2,1.0,59.8,59.6,2,1,1.00,CYCLE,W
IND,208,6600,59464,18/07/2019,18:46:56,15,0,17.6,1.0,1198.5,1198.4,2,1,1.00,CYCLE,E
IND,208,6600,59464,18/07/2019,18:56:12,15,0,23.3,1.0,556.6,556.4,2,1,1.00,CYCLE,E
IND,208,6600,59464,18/07/2019,19:01:50,15,0,24.7,1.1,337.7,337.6,2,1,1.00,CYCLE,E
IND,208,6600,59464,18/07/2019,19:08:07,15,0,20.7,1.1,376.9,376.7,2,1,1.00,CYCLE,E
IND,208,6600,59464,18/07/2019,19:13:09,15,0,20.4,1.0,302.0,301.8,2,1,1.00,CYCLE,E
IND,208,6600,59465,18/07/2019,19:13:34,15,1,31.4,1.2,1372.5,1372.3,2,1,1.00,CYCLE,W
IND,208,6600,59465,18/07/2019,19:13:34,15,1,32.8,1.2,0.4,0.2,2,1,1.00,CYCLE,W
IND,208,6600,59465,18/07/2019,19:13:35,15,1,32.1,1.2,1.1,1.0,2,1,1.00,CYCLE,W
IND,208,6600,59464,18/07/2019,19:26:13,15,0,19.2,1.1,784.4,784.3,2,1,1.00,CYCLE,E
IND,208,6600,59464,18/07/2019,20:07:08,15,0,26.4,1.1,2454.5,2454.3,2,1,1.00,CYCLE,E
IND,208,6600,59464,18/07/2019,20:31:13,15,0,19.6,1.1,1445.8,1445.6,2,1,1.00,CYCLE,E
IND,208,6600,59464,18/07/2019,21:06:43,15,0,15.9,1.0,2129.4,2129.2,2,1,1.00,CYCLE,E
IND,208,6600,59464,18/07/2019,21:39:56,15,0,17.8,1.0,1993.7,1993.5,2,1,0.91,CYCLE,E
IND,208,6600,59464,18/07/2019,21:39:56,15,0,17.8,1.0,0.0,0.0,2,1,0.91,CYCLE,E
IND,208,6600,59464,18/07/2019,22:24:30,15,0,21.0,1.0,2673.2,2672.6,2,1,1.00,CYCLE,E
IND,208,6600,59465,19/07/2019,06:18:07,15,1,30.7,1.1,39872.1,39871.9,2,1,1.00,CYCLE,W
IND,208,6600,59465,19/07/2019,06:24:47,15,1,31.6,1.1,400.1,400.0,2,1,1.00,CYCLE,W
IND,208,6600,59465,19/07/2019,06:29:06,15,1,25.6,1.1,258.9,258.8,2,1,1.00,CYCLE,W
IND,208,6600,59464,19/07/2019,06:34:21,15,0,18.0,1.0,29391.7,29391.5,2,1,1.00,CYCLE,E
IND,208,6600,59465,19/07/2019,06:45:03,15,1,30.3,1.0,956.7,956.5,2,1,1.00,CYCLE,W
IND,208,6600,59465,19/07/2019,07:01:04,15,1,30.2,1.0,961.0,960.9,2,1,1.00,CYCLE,W
IND,208,6600,59465,19/07/2019,07:06:15,15,1,31.4,1.1,310.8,310.7,2,1,1.00,CYCLE,W
IND,208,6600,59465,19/07/2019,07:09:01,15,1,35.6,1.0,166.2,166.1,2,1,1.00,CYCLE,W
IND,208,6600,59465,19/07/2019,07:12:54,15,1,25.5,1.0,233.0,232.9,2,1,1.00,CYCLE,W
IND,208,6600,59464,19/07/2019,07:23:04,15,0,24.3,1.0,2923.0,2922.8,2,1,1.00,CYCLE,E
IND,208,6600,59465,19/07/2019,07:23:39,15,1,28.0,1.1,645.4,645.3,2,1,1.00,CYCLE,W
IND,208,6600,59464,19/07/2019,07:24:11,15,0,16.2,1.0,67.1,67.0,2,1,1.00,CYCLE,E
IND,208,6600,59464,19/07/2019,07:31:21,15,0,19.8,1.1,429.3,429.1,2,1,1.00,CYCLE,E
IND,208,6600,59465,19/07/2019,07:33:17,15,1,29.5,1.0,577.3,577.1,2,1,1.00,CYCLE,W
IND,208,6600,59464,19/07/2019,07:35:53,15,0,13.4,1.1,272.0,271.8,2,1,1.00,CYCLE,E
IND,208,6600,59464,19/07/2019,07:43:05,15,0,20.0,1.1,344.0,343.9,2,1,1.00,CYCLE,E
IND,208,6600,59464,19/07/2019,07:50:13,15,0,17.1,1.0,428.3,428.1,2,1,1.00,CYCLE,E
IND,208,6600,59465,19/07/2019,07:55:49,15,1,34.7,1.0,1352.2,1352.1,2,1,1.00,CYCLE,W
IND,208,6600,59465,19/07/2019,07:57:48,15,1,35.1,1.0,118.7,118.6,2,1,1.00,CYCLE,W
IND,208,6600,59465,19/07/2019,07:59:44,15,1,34.7,1.0,116.6,116.5,2,1,1.00,CYCLE,W
IND,208,6600,59465,19/07/2019,08:04:08,15,1,28.0,1.1,263.8,263.7,2,1,1.00,CYCLE,W
IND,208,6600,59465,19/07/2019,08:08:09,15,1,32.1,1.0,240.6,240.5,2,1,1.00,CYCLE,W
IND,208,6600,59465,19/07/2019,08:24:35,15,1,33.5,1.1,986.8,986.7,2,1,1.00,CYCLE,W
IND,208,6600,59464,19/07/2019,08:29:42,15,0,21.6,1.1,2368.8,2368.6,2,1,1.00,CYCLE,E
IND,208,6600,59464,19/07/2019,08:35:13,15,0,21.5,1.1,331.2,331.0,2,1,1.00,CYCLE,E
IND,208,6600,59464,19/07/2019,08:39:28,15,0,14.3,1.1,254.3,254.1,2,1,1.00,CYCLE,E
IND,208,6600,59464,19/07/2019,08:42:07,15,0,18.2,1.0,159.3,159.0,2,1,1.00,CYCLE,E
IND,208,6600,59464,19/07/2019,08:42:07,15,0,18.2,1.0,0.0,0.0,2,1,1.00,CYCLE,E
IND,208,6600,59465,19/07/2019,08:50:29,15,1,35.0,1.0,1553.0,1552.9,2,1,1.00,CYCLE,W
IND,208,6600,59465,19/07/2019,08:50:33,15,1,30.8,1.1,4.4,4.3,2,1,1.00,CYCLE,W
IND,208,6600,59464,19/07/2019,08:50:50,15,0,19.5,1.1,523.0,522.7,2,1,1.00,CYCLE,E
IND,208,6600,59465,19/07/2019,08:53:35,15,1,28.6,1.0,182.5,182.3,2,1,1.00,CYCLE,W
IND,208,6600,59465,19/07/2019,08:53:37,15,1,28.4,1.1,1.5,1.4,2,1,1.00,CYCLE,W
IND,208,6600,59464,19/07/2019,08:56:03,15,0,12.4,1.1,312.7,312.5,2,1,1.00,CYCLE,E
IND,208,6600,59464,19/07/2019,08:59:15,15,0,20.7,1.1,192.0,191.7,2,1,1.00,CYCLE,E
IND,208,6600,59464,19/07/2019,09:01:18,15,0,22.8,1.1,122.9,122.7,2,1,1.00,CYCLE,E
IND,208,6600,59464,19/07/2019,09:01:56,15,0,19.1,1.1,38.5,38.3,2,1,1.00,CYCLE,E
IND,208,6600,59464,19/07/2019,09:04:28,15,0,21.0,1.0,151.7,151.5,2,1,1.00,CYCLE,E
IND,208,6600,59465,19/07/2019,09:10:37,15,1,26.7,1.1,1020.2,1020.1,2,1,1.00,CYCLE,W
IND,208,6600,59465,19/07/2019,09:13:03,15,1,31.8,1.0,145.5,145.3,2,1,1.00,CYCLE,W
IND,208,6600,59465,19/07/2019,09:14:49,15,1,29.7,1.0,106.9,106.7,2,1,1.00,CYCLE,W
IND,208,6600,59465,19/07/2019,09:14:54,15,1,17.9,1.1,4.3,4.2,2,1,1.00,CYCLE,W
IND,208,6600,59464,19/07/2019,09:25:02,15,0,22.6,1.1,1233.7,1233.5,2,1,1.00,CYCLE,E
IND,208,6600,59464,19/07/2019,09:36:27,15,0,24.1,1.0,535.2,535.1,2,1,1.00,CYCLE,E
IND,208,6600,59464,19/07/2019,09:40:16,15,0,24.9,1.1,229.3,229.1,2,1,1.00,CYCLE,E
IND,208,6600,59465,19/07/2019,09:54:30,15,1,29.3,1.1,1580.1,1579.9,2,1,1.00,CYCLE,W
IND,208,6600,59465,19/07/2019,09:54:36,15,1,25.1,1.1,6.5,6.4,2,1,1.00,CYCLE,W
IND,208,6600,59465,19/07/2019,09:59:35,15,1,30.7,1.0,298.3,298.1,2,1,1.00,CYCLE,W
IND,208,6600,59464,19/07/2019,10:13:48,15,0,28.6,1.0,2011.8,2011.6,2,1,1.00,CYCLE,E
IND,208,6600,59465,19/07/2019,10:23:33,15,1,35.7,1.1,1437.9,1437.8,2,1,1.00,CYCLE,W
IND,208,6600,59465,19/07/2019,10:24:44,15,1,20.8,1.1,71.2,71.1,2,1,1.00,CYCLE,W
IND,208,6600,59465,19/07/2019,10:34:51,15,1,22.0,1.1,607.5,607.4,2,1,1.00,CYCLE,W
IND,208,6600,59465,19/07/2019,11:12:51,15,1,28.2,1.1,2280.0,2279.8,2,1,1.00,CYCLE,W
IND,208,6600,59464,19/07/2019,11:16:55,15,0,21.5,1.0,3787.3,3787.2,2,1,1.00,CYCLE,E
IND,208,6600,59465,19/07/2019,11:17:03,15,1,26.5,1.0,251.7,251.5,2,1,1.00,CYCLE,W
IND,208,6600,59465,19/07/2019,11:23:29,15,1,18.0,1.0,385.8,385.7,2,1,1.00,CYCLE,W
IND,208,6600,59465,19/07/2019,11:23:31,15,1,19.6,1.0,1.9,1.7,2,1,1.00,CYCLE,W
IND,208,6600,59465,19/07/2019,11:23:31,15,1,19.6,1.0,0.0,0.0,2,1,1.00,CYCLE,W
IND,208,6600,59465,19/07/2019,11:23:33,15,1,19.4,1.0,2.0,1.8,2,1,1.00,CYCLE,W
IND,208,6600,59465,19/07/2019,11:23:34,15,1,18.7,1.0,1.4,1.3,2,1,1.00,CYCLE,W
IND,208,6600,59465,19/07/2019,11:23:35,15,1,19.1,1.1,1.0,0.8,2,1,1.00,CYCLE,W
IND,208,6600,59465,19/07/2019,11:23:37,15,1,18.0,1.1,2.2,2.0,2,1,1.00,CYCLE,W
IND,208,6600,59465,19/07/2019,11:23:39,15,1,18.6,1.1,1.5,1.2,2,1,1.00,CYCLE,W
IND,208,6600,59465,19/07/2019,11:23:40,15,1,19.7,1.1,1.6,1.4,2,1,1.00,CYCLE,W
IND,208,6600,59465,19/07/2019,11:23:43,15,1,19.4,1.0,2.2,2.0,2,1,1.00,CYCLE,W
IND,208,6600,59465,19/07/2019,11:23:44,15,1,19.7,1.0,1.2,1.0,2,1,1.00,CYCLE,W
IND,208,6600,59465,19/07/2019,11:23:45,15,1,19.4,1.1,1.1,0.9,2,1,1.00,CYCLE,W
IND,208,6600,59465,19/07/2019,11:23:47,15,1,21.5,1.1,2.0,1.8,2,1,1.00,CYCLE,W
IND,208,6600,59465,19/07/2019,11:23:49,15,1,19.9,1.0,1.8,1.6,2,1,1.00,CYCLE,W
IND,208,6600,59465,19/07/2019,11:23:50,15,1,21.0,1.0,1.5,1.3,2,1,1.00,CYCLE,W
IND,208,6600,59465,19/07/2019,11:23:57,15,1,19.4,1.0,6.4,6.3,2,1,1.00,CYCLE,W
IND,208,6600,59465,19/07/2019,11:23:58,15,1,19.9,1.1,1.5,1.3,2,1,1.00,CYCLE,W
IND,208,6600,59465,19/07/2019,11:24:00,15,1,18.9,1.0,1.6,1.4,2,1,1.00,CYCLE,W
IND,208,6600,59465,19/07/2019,11:24:00,15,1,19.3,1.1,0.3,0.1,2,1,1.00,CYCLE,W
IND,208,6600,59465,19/07/2019,11:28:57,15,1,24.9,1.0,297.0,296.8,2,1,1.00,CYCLE,W
IND,208,6600,59465,19/07/2019,11:49:47,15,1,24.4,1.1,1249.6,1249.5,2,1,1.00,CYCLE,W
IND,208,6600,59465,19/07/2019,11:49:50,15,1,25.0,1.1,3.6,3.5,2,1,1.00,CYCLE,W
IND,208,6600,59464,19/07/2019,11:55:23,15,0,23.1,1.0,2307.6,2307.4,2,1,1.00,CYCLE,E
IND,208,6600,59464,19/07/2019,11:58:48,15,0,20.9,1.0,205.0,204.8,2,1,1.00,CYCLE,E
IND,208,6600,59464,19/07/2019,12:00:13,15,0,16.7,1.0,85.6,85.5,2,1,1.00,CYCLE,E
IND,208,6600,59465,19/07/2019,12:17:20,15,1,27.8,1.0,1650.0,1649.8,2,1,1.00,CYCLE,W
IND,208,6600,59465,19/07/2019,12:22:52,15,1,21.2,1.0,331.3,331.2,2,1,1.00,CYCLE,W
IND,208,6600,59464,19/07/2019,12:40:46,15,0,14.7,1.0,2432.5,2432.3,2,1,1.00,CYCLE,E
IND,208,6600,59464,19/07/2019,12:51:31,15,0,17.9,1.0,645.2,645.0,2,1,1.00,CYCLE,E
IND,208,6600,59464,19/07/2019,12:51:32,15,0,18.0,1.1,0.8,0.6,2,1,1.00,CYCLE,E
IND,208,6600,59464,19/07/2019,13:07:44,15,0,23.4,1.0,972.5,972.3,2,1,1.00,CYCLE,E
IND,208,6600,59464,19/07/2019,13:11:28,15,0,21.2,1.0,223.7,223.6,2,1,1.00,CYCLE,E
IND,208,6600,59465,19/07/2019,13:12:32,15,1,26.4,1.0,2980.7,2980.5,2,1,1.00,CYCLE,W
IND,208,6600,59464,19/07/2019,13:24:33,15,0,15.9,1.1,785.5,785.3,2,1,1.00,CYCLE,E
IND,208,6600,59465,19/07/2019,13:39:26,15,1,27.4,1.0,1613.2,1613.1,2,1,1.00,CYCLE,W
IND,208,6600,59464,19/07/2019,13:49:16,15,0,21.1,1.0,183.1,183.0,2,1,1.00,CYCLE,E
IND,208,6600,59464,19/07/2019,13:49:27,15,0,24.4,1.1,11.2,11.1,2,1,1.00,CYCLE,E
IND,208,6600,59464,19/07/2019,13:49:35,15,0,24.4,1.0,7.4,7.3,2,1,1.00,CYCLE,E
IND,208,6600,59464,19/07/2019,14:08:33,15,0,16.3,1.0,1137.7,1137.6,2,1,1.00,CYCLE,E
IND,208,6600,59464,19/07/2019,14:35:50,15,0,18.2,1.1,1637.6,1637.4,2,1,1.00,CYCLE,E
IND,208,6600,59465,19/07/2019,14:38:33,15,1,27.1,1.1,3547.2,3547.1,2,1,1.00,CYCLE,W
IND,208,6600,59465,19/07/2019,14:39:25,15,1,31.1,1.0,52.0,51.8,2,1,1.00,CYCLE,W
IND,208,6600,59465,19/07/2019,14:47:11,15,1,6.0,0.6,465.9,465.9,2,1,1.00,CYCLE,W
IND,208,6600,59464,19/07/2019,14:54:26,15,0,4.6,0.6,1115.8,1115.5,2,1,1.00,CYCLE,E
IND,208,6600,59465,19/07/2019,15:11:51,15,1,25.7,1.0,1480.0,1479.4,2,1,1.00,CYCLE,W
IND,208,6600,59465,19/07/2019,15:11:51,15,1,25.5,1.0,0.4,0.2,2,1,1.00,CYCLE,W
IND,208,6600,59465,19/07/2019,15:12:56,15,1,30.2,1.0,64.8,64.7,2,1,1.00,CYCLE,W
IND,208,6600,59464,19/07/2019,15:22:58,15,0,17.1,1.0,614.0,613.9,2,1,1.00,CYCLE,E
IND,208,6600,59465,19/07/2019,15:32:41,15,1,21.0,1.1,1185.4,1185.3,2,1,1.00,CYCLE,W
IND,208,6600,59464,19/07/2019,15:43:39,15,0,23.0,1.0,1240.5,1240.3,2,1,1.00,CYCLE,E
IND,208,6600,59465,19/07/2019,15:54:27,15,1,35.3,1.0,1305.5,1305.3,2,1,1.00,CYCLE,W
IND,208,6600,59465,19/07/2019,16:01:23,15,1,28.5,1.0,416.0,415.9,2,1,1.00,CYCLE,W
IND,208,6600,59465,19/07/2019,16:05:57,15,1,33.7,1.0,274.6,274.5,2,1,1.00,CYCLE,W
IND,208,6600,59464,19/07/2019,16:20:08,15,0,16.6,1.1,2189.2,2189.0,2,1,1.00,CYCLE,E
IND,208,6600,59464,19/07/2019,16:25:07,15,0,21.2,1.0,298.9,298.7,2,1,1.00,CYCLE,E
IND,208,6600,59465,19/07/2019,16:26:06,15,1,22.1,1.1,1208.8,1208.7,2,1,1.00,CYCLE,W
IND,208,6600,59465,19/07/2019,16:37:41,15,1,24.6,1.1,695.2,695.0,2,1,1.00,CYCLE,W
IND,208,6600,59465,19/07/2019,17:05:52,15,1,25.2,1.1,116.3,116.1,2,1,1.00,CYCLE,W
IND,208,6600,59465,19/07/2019,17:13:02,15,1,33.3,1.1,430.0,429.9,2,1,1.00,CYCLE,W
IND,208,6600,59465,19/07/2019,17:14:13,15,1,20.5,1.0,71.1,71.1,2,1,1.00,CYCLE,W
IND,208,6600,59464,19/07/2019,17:15:39,15,0,27.7,1.0,3031.5,3031.3,2,1,1.00,CYCLE,E
IND,208,6600,59464,19/07/2019,17:15:39,15,0,26.7,1.0,0.9,0.8,2,1,1.00,CYCLE,E
IND,208,6600,59464,19/07/2019,17:15:53,15,0,20.9,1.1,13.7,13.6,2,1,1.00,CYCLE,E
IND,208,6600,59465,19/07/2019,17:16:21,15,1,25.8,1.0,128.3,128.1,2,1,1.00,CYCLE,W
IND,208,6600,59465,19/07/2019,17:19:31,15,1,31.1,1.0,189.2,189.0,2,1,1.00,CYCLE,W
IND,208,6600,59464,19/07/2019,17:23:13,15,0,22.0,1.0,439.6,439.5,2,1,1.00,CYCLE,E
IND,208,6600,59464,19/07/2019,17:38:32,15,0,25.6,1.1,919.5,919.4,2,1,1.00,CYCLE,E
IND,208,6600,59464,19/07/2019,17:38:43,15,0,26.4,1.1,10.9,10.8,2,1,1.00,CYCLE,E
IND,208,6600,59464,19/07/2019,17:42:29,15,0,21.4,1.0,226.1,226.0,2,1,1.00,CYCLE,E
IND,208,6600,59465,19/07/2019,17:43:58,15,1,23.3,1.1,1467.3,1467.2,2,1,1.00,CYCLE,W
IND,208,6600,59464,19/07/2019,17:44:41,15,0,28.6,1.0,131.3,131.1,2,1,1.00,CYCLE,E
IND,208,6600,59464,19/07/2019,17:45:23,15,0,25.1,1.1,42.1,42.0,2,1,1.00,CYCLE,E
IND,208,6600,59464,19/07/2019,17:45:36,15,0,15.9,1.0,13.2,13.1,2,1,1.00,CYCLE,E
IND,208,6600,59465,19/07/2019,17:45:59,15,1,25.4,1.1,121.4,121.2,2,1,1.00,CYCLE,W
IND,208,6600,59465,19/07/2019,17:54:10,15,1,34.0,1.0,490.4,490.3,2,1,1.00,CYCLE,W
IND,208,6600,59464,19/07/2019,18:00:28,15,0,25.4,1.0,891.6,891.4,2,1,1.00,CYCLE,E
IND,208,6600,59464,19/07/2019,18:03:28,15,0,25.1,1.1,180.9,180.7,2,1,1.00,CYCLE,E
IND,208,6600,59465,19/07/2019,18:09:26,15,1,27.4,1.0,916.6,916.5,2,1,1.00,CYCLE,W
IND,208,6600,59464,19/07/2019,18:14:52,15,0,23.0,1.0,683.9,683.7,2,1,1.00,CYCLE,E
IND,208,6600,59464,19/07/2019,18:21:48,15,0,24.1,1.0,415.7,415.5,2,1,1.00,CYCLE,E
IND,208,6600,59464,19/07/2019,18:25:47,15,0,21.5,1.0,239.2,239.1,2,1,1.00,CYCLE,E
IND,208,6600,59465,19/07/2019,18:27:42,15,1,30.9,1.1,1095.3,1095.2,2,1,1.00,CYCLE,W
IND,208,6600,59464,19/07/2019,18:31:32,15,0,18.5,1.0,345.2,345.0,2,1,1.00,CYCLE,E
IND,208,6600,59464,19/07/2019,18:38:15,15,0,28.2,1.0,402.8,402.6,2,1,1.00,CYCLE,E
IND,208,6600,59464,19/07/2019,18:39:20,15,0,18.1,1.0,65.2,65.0,2,1,1.00,CYCLE,E
IND,208,6600,59464,19/07/2019,18:46:38,15,0,23.2,1.0,437.8,437.6,2,1,1.00,CYCLE,E
IND,208,6600,59465,19/07/2019,18:54:47,15,1,27.3,1.0,1625.2,1625.1,2,1,1.00,CYCLE,W
IND,208,6600,59464,19/07/2019,18:58:55,15,0,22.6,1.1,737.2,737.0,2,1,1.00,CYCLE,E
IND,208,6600,59465,19/07/2019,19:11:49,15,1,29.3,1.0,1022.0,1021.9,2,1,1.00,CYCLE,W
IND,208,6600,59464,19/07/2019,19:15:45,15,0,22.1,1.0,1009.8,1009.6,2,1,1.00,CYCLE,E
IND,208,6600,59464,19/07/2019,19:56:32,15,0,23.6,1.1,2446.9,2446.8,2,1,1.00,CYCLE,E
IND,208,6600,59464,19/07/2019,20:08:28,15,0,18.6,1.0,715.8,715.7,2,1,1.00,CYCLE,E
IND,208,6600,59464,19/07/2019,20:11:02,15,0,19.4,1.1,154.4,154.2,2,1,1.00,CYCLE,E
IND,208,6600,59464,19/07/2019,20:16:55,15,0,21.4,1.1,352.3,352.1,2,1,1.00,CYCLE,E
IND,208,6600,59464,19/07/2019,22:23:33,15,0,24.5,1.1,7598.6,7598.5,2,1,1.00,CYCLE,E
IND,208,6600,59464,19/07/2019,23:23:08,15,0,19.6,1.0,3574.5,3574.3,2,1,1.00,CYCLE,E
IND,208,6600,59465,20/07/2019,06:17:40,15,1,31.5,1.0,39951.1,39951.0,2,1,1.00,CYCLE,W
IND,208,6600,59464,20/07/2019,06:36:30,15,0,22.3,1.1,26001.7,26001.5,2,1,1.00,CYCLE,E
IND,208,6600,59465,20/07/2019,06:40:34,15,1,27.4,1.0,1374.5,1374.4,2,1,1.00,CYCLE,W
IND,208,6600,59465,20/07/2019,06:40:35,15,1,27.2,1.0,0.8,0.7,2,1,1.00,CYCLE,W
IND,208,6600,59464,20/07/2019,07:00:59,15,0,17.7,1.0,1469.5,1469.3,2,1,1.00,CYCLE,E
IND,208,6600,59465,20/07/2019,07:01:18,15,1,18.0,1.1,1242.4,1242.3,2,1,1.00,CYCLE,W
IND,208,6600,59465,20/07/2019,07:01:50,15,1,24.3,1.1,32.4,32.2,2,1,1.00,CYCLE,W
IND,208,6600,59465,20/07/2019,07:01:56,15,1,25.0,1.1,6.0,5.9,2,1,1.00,CYCLE,W
IND,208,6600,59465,20/07/2019,07:02:27,15,1,27.2,1.0,30.6,30.4,2,1,1.00,CYCLE,W
IND,208,6600,59465,20/07/2019,07:04:19,15,1,33.6,1.2,112.4,112.2,2,1,1.00,CYCLE,W
IND,208,6600,59464,20/07/2019,07:34:23,15,0,25.6,1.0,2004.3,2004.1,2,1,1.00,CYCLE,E
IND,208,6600,59465,20/07/2019,07:36:12,15,1,23.8,1.1,1913.1,1913.0,2,1,1.00,CYCLE,W
IND,208,6600,59465,20/07/2019,07:36:13,15,1,22.9,1.1,0.9,0.7,2,1,1.00,CYCLE,W
IND,208,6600,59464,20/07/2019,07:51:34,15,0,17.2,1.0,1031.0,1030.9,2,1,1.00,CYCLE,E
IND,208,6600,59464,20/07/2019,07:56:53,15,0,17.9,1.0,318.4,318.2,2,1,1.00,CYCLE,E
IND,208,6600,59465,20/07/2019,08:05:10,15,1,25.9,1.1,1736.5,1736.3,2,1,1.00,CYCLE,W
IND,208,6600,59465,20/07/2019,08:10:28,15,1,27.4,1.0,318.2,318.1,2,1,1.00,CYCLE,W
IND,208,6600,59465,20/07/2019,08:10:28,15,1,27.4,1.0,0.0,0.0,2,1,1.00,CYCLE,W
IND,208,6600,59465,20/07/2019,08:12:12,15,1,32.9,1.0,104.5,104.2,2,1,1.00,CYCLE,W
IND,208,6600,59465,20/07/2019,08:23:48,15,1,28.6,1.0,696.0,695.9,2,1,1.00,CYCLE,W
IND,208,6600,59465,20/07/2019,08:23:48,15,1,28.6,1.0,0.0,0.0,2,1,1.00,CYCLE,W
IND,208,6600,59465,20/07/2019,08:23:54,15,1,29.5,1.1,5.4,5.1,2,1,1.00,CYCLE,W
IND,208,6600,59464,20/07/2019,08:41:20,15,0,14.3,1.0,2666.9,2666.7,2,1,1.00,CYCLE,E
IND,208,6600,59464,20/07/2019,08:43:14,15,0,15.6,1.0,114.1,113.9,2,1,1.00,CYCLE,E
IND,208,6600,59464,20/07/2019,08:43:14,15,0,15.6,1.0,0.0,0.0,2,1,1.00,CYCLE,E
IND,208,6600,59465,20/07/2019,08:47:45,15,1,29.3,1.0,1431.5,1431.4,2,1,1.00,CYCLE,W
IND,208,6600,59465,20/07/2019,08:48:09,15,1,30.8,1.0,23.7,23.6,2,1,1.00,CYCLE,W
IND,208,6600,59464,20/07/2019,09:00:26,15,0,15.7,1.1,1032.6,1032.3,2,1,1.00,CYCLE,E
IND,208,6600,59464,20/07/2019,09:00:27,15,0,15.3,1.1,0.4,0.2,2,1,1.00,CYCLE,E
IND,208,6600,59465,20/07/2019,09:06:34,15,1,29.0,1.0,1105.3,1105.2,2,1,1.00,CYCLE,W
IND,208,6600,59464,20/07/2019,09:07:35,15,0,20.8,1.0,428.7,428.4,2,1,1.00,CYCLE,E
IND,208,6600,59465,20/07/2019,09:07:57,15,1,30.8,1.0,82.3,82.2,2,1,1.00,CYCLE,W
IND,208,6600,59464,20/07/2019,09:17:51,15,0,11.4,1.0,615.9,615.7,2,1,1.00,CYCLE,E
IND,208,6600,59464,20/07/2019,09:18:39,15,0,20.7,1.0,47.5,47.2,2,1,1.00,CYCLE,E
IND,208,6600,59465,20/07/2019,09:19:51,15,1,25.4,1.0,714.4,714.3,2,1,1.00,CYCLE,W
IND,208,6600,59464,20/07/2019,09:27:36,15,0,21.6,1.0,537.0,536.8,2,1,1.00,CYCLE,E
IND,208,6600,59464,20/07/2019,09:33:30,15,0,19.6,1.1,354.3,354.1,2,1,1.00,CYCLE,E
IND,208,6600,59464,20/07/2019,09:33:54,15,0,21.8,1.1,24.0,23.8,2,1,1.00,CYCLE,E
IND,208,6600,59464,20/07/2019,09:34:02,15,0,15.1,1.1,7.6,7.4,2,1,1.00,CYCLE,E
IND,208,6600,59464,20/07/2019,09:39:25,15,0,15.1,1.0,323.6,323.4,2,1,0.50,CYCLE,E
IND,208,6600,59465,20/07/2019,09:39:25,15,1,15.1,1.0,0.0,0.0,2,1,0.50,CYCLE,W
IND,208,6600,59465,20/07/2019,09:40:07,15,1,19.8,1.0,1215.9,1215.8,2,1,1.00,CYCLE,W
IND,208,6600,59465,20/07/2019,09:47:54,15,1,24.4,1.0,467.3,467.1,2,1,1.00,CYCLE,W
IND,208,6600,59464,20/07/2019,09:49:53,15,0,19.0,1.1,627.5,627.1,2,1,1.00,CYCLE,E
IND,208,6600,59465,20/07/2019,09:55:01,15,1,37.2,1.0,426.9,426.7,2,1,1.00,CYCLE,W
IND,208,6600,59465,20/07/2019,10:02:05,15,1,30.6,1.0,423.3,423.3,2,1,1.00,CYCLE,W
IND,208,6600,59465,20/07/2019,10:02:25,15,1,20.9,1.1,20.6,20.5,2,1,1.00,CYCLE,W
IND,208,6600,59465,20/07/2019,10:09:13,15,1,22.1,1.0,407.5,407.3,2,1,1.00,CYCLE,W
IND,208,6600,59465,20/07/2019,10:17:21,15,1,30.3,1.0,488.4,488.2,2,1,1.00,CYCLE,W
IND,208,6600,59464,20/07/2019,10:23:07,15,0,17.8,1.1,1993.8,1993.6,2,1,1.00,CYCLE,E
IND,208,6600,59465,20/07/2019,10:23:15,15,1,25.7,1.1,353.9,353.8,2,1,1.00,CYCLE,W
IND,208,6600,59465,20/07/2019,10:23:16,15,1,26.9,1.1,0.7,0.6,2,1,1.00,CYCLE,W
IND,208,6600,59464,20/07/2019,10:23:28,15,0,21.3,1.0,21.5,21.3,2,1,1.00,CYCLE,E
IND,208,6600,59464,20/07/2019,10:23:28,15,0,21.8,1.0,0.3,0.2,2,1,1.00,CYCLE,E
IND,208,6600,59464,20/07/2019,10:28:38,15,0,24.4,1.0,309.6,309.5,2,1,1.00,CYCLE,E
IND,208,6600,59464,20/07/2019,10:28:39,15,0,24.4,1.0,0.5,0.4,2,1,1.00,CYCLE,E
IND,208,6600,59464,20/07/2019,10:28:39,15,0,25.9,1.0,0.3,0.1,2,1,1.00,CYCLE,E
IND,208,6600,59465,20/07/2019,10:32:52,15,1,30.7,1.0,576.0,575.8,2,1,1.00,CYCLE,W
IND,208,6600,59465,20/07/2019,10:32:53,15,1,30.6,1.0,1.1,1.0,2,1,1.00,CYCLE,W
IND,208,6600,59464,20/07/2019,10:33:07,15,0,4.9,1.0,267.9,268.0,2,1,0.62,CYCLE,E
IND,208,6600,59464,20/07/2019,10:33:07,15,0,4.9,1.0,0.0,0.0,2,1,0.62,CYCLE,E
IND,208,6600,59465,20/07/2019,10:40:24,15,1,25.0,1.0,451.5,451.4,2,1,1.00,CYCLE,W
IND,208,6600,59465,20/07/2019,10:40:24,15,1,25.0,1.0,0.0,0.0,2,1,1.00,CYCLE,W
IND,208,6600,59464,20/07/2019,10:41:05,15,0,22.1,1.0,478.7,476.2,2,1,1.00,CYCLE,E
IND,208,6600,59464,20/07/2019,10:41:06,15,0,21.7,1.0,0.6,0.5,2,1,1.00,CYCLE,E
IND,208,6600,59464,20/07/2019,10:41:06,15,0,21.7,1.0,0.0,0.0,2,1,1.00,CYCLE,E
IND,208,6600,59464,20/07/2019,10:43:26,15,0,21.6,1.1,139.8,139.5,2,1,1.00,CYCLE,E
IND,208,6600,59464,20/07/2019,10:43:27,15,0,21.4,1.1,0.7,0.5,2,1,1.00,CYCLE,E
IND,208,6600,59465,20/07/2019,10:50:24,15,1,35.2,1.0,599.5,599.2,2,1,1.00,CYCLE,W
IND,208,6600,59465,20/07/2019,10:52:25,15,1,30.6,1.1,121.5,121.4,2,1,1.00,CYCLE,W
IND,208,6600,59465,20/07/2019,10:54:25,15,1,20.1,1.0,120.3,120.2,2,1,1.00,CYCLE,W
IND,208,6600,59465,20/07/2019,10:54:26,15,1,21.2,1.0,0.4,0.2,2,1,1.00,CYCLE,W
IND,208,6600,59465,20/07/2019,10:55:08,15,1,29.6,1.1,42.7,42.5,2,1,1.00,CYCLE,W
IND,208,6600,59464,20/07/2019,10:56:06,15,0,25.1,1.0,759.3,759.2,2,1,1.00,CYCLE,E
IND,208,6600,59465,20/07/2019,11:04:04,15,1,29.8,1.0,535.3,535.1,2,1,1.00,CYCLE,W
IND,208,6600,59464,20/07/2019,11:04:34,15,0,21.3,1.0,508.4,508.2,2,1,1.00,CYCLE,E
IND,208,6600,59464,20/07/2019,11:05:06,15,0,20.3,1.0,32.1,32.0,2,1,1.00,CYCLE,E
IND,208,6600,59464,20/07/2019,11:14:08,15,0,18.2,1.0,200.2,199.7,2,1,1.00,CYCLE,E
IND,208,6600,59464,20/07/2019,11:16:58,15,0,24.5,1.1,170.5,170.3,2,1,1.00,CYCLE,E
IND,208,6600,59465,20/07/2019,11:17:19,15,1,30.7,1.1,795.6,795.5,2,1,1.00,CYCLE,W
IND,208,6600,59464,20/07/2019,11:20:50,15,0,15.3,1.0,231.8,231.6,2,1,1.00,CYCLE,E
IND,208,6600,59464,20/07/2019,11:20:51,15,0,16.7,1.0,0.8,0.6,2,1,1.00,CYCLE,E
IND,208,6600,59465,20/07/2019,11:22:28,15,1,25.5,1.1,309.1,308.9,2,1,1.00,CYCLE,W
IND,208,6600,59465,20/07/2019,11:27:05,15,1,23.6,1.1,277.1,276.9,2,1,1.00,CYCLE,W
IND,208,6600,59464,20/07/2019,11:33:57,15,0,17.4,1.0,785.8,785.5,2,1,1.00,CYCLE,E
IND,208,6600,59464,20/07/2019,11:39:34,15,0,20.0,1.0,337.0,336.8,2,1,1.00,CYCLE,E
IND,208,6600,59465,20/07/2019,11:42:02,15,1,16.1,1.1,896.7,896.5,2,1,1.00,CYCLE,W
IND,208,6600,59465,20/07/2019,11:42:06,15,1,14.5,1.0,3.4,3.2,2,1,1.00,CYCLE,W
IND,208,6600,59464,20/07/2019,11:44:56,15,0,19.9,1.0,322.4,322.2,2,1,1.00,CYCLE,E
IND,208,6600,59464,20/07/2019,11:52:28,15,0,9.3,1.0,451.5,451.3,2,1,1.00,CYCLE,E
IND,208,6600,59464,20/07/2019,11:52:29,15,0,9.2,1.0,1.2,0.8,2,1,1.00,CYCLE,E
IND,208,6600,59464,20/07/2019,11:55:20,15,0,16.2,1.1,171.6,171.2,2,1,1.00,CYCLE,E
IND,208,6600,59465,20/07/2019,12:09:25,15,1,35.2,1.1,1639.6,1639.3,2,1,1.00,CYCLE,W
IND,208,6600,59465,20/07/2019,12:10:19,15,1,31.6,1.0,53.8,53.7,2,1,1.00,CYCLE,W
IND,208,6600,59465,20/07/2019,12:10:23,15,1,34.3,1.0,3.7,3.6,2,1,1.00,CYCLE,W
IND,208,6600,59465,20/07/2019,12:17:13,15,1,30.7,1.0,410.4,410.3,2,1,1.00,CYCLE,W
IND,208,6600,59464,20/07/2019,12:19:06,15,0,21.7,1.1,1425.5,1425.3,2,1,1.00,CYCLE,E
IND,208,6600,59465,20/07/2019,12:21:12,15,1,26.9,1.1,238.7,238.6,2,1,1.00,CYCLE,W
IND,208,6600,59465,20/07/2019,12:21:13,15,1,27.6,1.1,1.0,0.9,2,1,1.00,CYCLE,W
IND,208,6600,59465,20/07/2019,12:21:32,15,1,27.5,1.1,19.0,18.9,2,1,1.00,CYCLE,W
IND,208,6600,59464,20/07/2019,12:24:48,15,0,20.1,1.0,342.5,342.3,2,1,1.00,CYCLE,E
IND,208,6600,59464,20/07/2019,12:24:57,15,0,21.9,1.0,8.8,8.7,2,1,1.00,CYCLE,E
IND,208,6600,59464,20/07/2019,12:33:05,15,0,19.9,1.0,487.4,487.2,2,1,1.00,CYCLE,E
IND,208,6600,59464,20/07/2019,12:42:36,15,0,14.9,1.0,571.5,571.3,2,1,1.00,CYCLE,E
IND,208,6600,59464,20/07/2019,12:44:52,15,0,19.0,1.0,135.4,135.2,2,1,1.00,CYCLE,E
IND,208,6600,59464,20/07/2019,12:48:09,15,0,20.3,1.0,197.2,196.9,2,1,1.00,CYCLE,E
IND,208,6600,59464,20/07/2019,12:49:29,15,0,25.8,1.0,79.9,79.7,2,1,1.00,CYCLE,E
IND,208,6600,59464,20/07/2019,12:49:35,15,0,24.8,1.1,6.6,6.5,2,1,1.00,CYCLE,E
IND,208,6600,59464,20/07/2019,12:49:38,15,0,23.4,1.1,3.0,2.9,2,1,1.00,CYCLE,E
IND,208,6600,59464,20/07/2019,12:51:19,15,0,21.0,1.1,100.8,100.6,2,1,1.00,CYCLE,E
IND,208,6600,59464,20/07/2019,13:01:32,15,0,23.9,1.0,612.5,612.3,2,1,1.00,CYCLE,E
IND,208,6600,59464,20/07/2019,13:06:50,15,0,19.7,1.0,318.0,317.8,2,1,1.00,CYCLE,E
IND,208,6600,59465,20/07/2019,13:09:15,15,1,36.4,1.0,2462.3,2461.7,2,1,1.00,CYCLE,W
IND,208,6600,59465,20/07/2019,13:09:59,15,1,23.3,1.1,44.4,44.3,2,1,1.00,CYCLE,W
IND,208,6600,59465,20/07/2019,13:12:04,15,1,28.3,1.0,124.5,124.4,2,1,1.00,CYCLE,W
IND,208,6600,59464,20/07/2019,13:22:36,15,0,25.6,1.1,946.0,945.8,2,1,1.00,CYCLE,E
IND,208,6600,59464,20/07/2019,13:30:25,15,0,22.9,1.0,469.6,469.4,2,1,1.00,CYCLE,E
IND,208,6600,59465,20/07/2019,13:41:36,15,1,32.6,1.0,1772.0,1771.9,2,1,1.00,CYCLE,W
IND,208,6600,59465,20/07/2019,13:58:21,15,1,24.4,1.0,1005.4,1005.4,2,1,1.00,CYCLE,W
IND,208,6600,59465,20/07/2019,14:04:39,15,1,26.6,1.1,377.5,377.4,2,1,1.00,CYCLE,W
IND,208,6600,59464,20/07/2019,14:07:49,15,0,19.7,1.0,2244.3,2244.1,2,1,1.00,CYCLE,E
IND,208,6600,59464,20/07/2019,14:08:16,15,0,18.1,1.0,26.3,26.1,2,1,1.00,CYCLE,E
IND,208,6600,59464,20/07/2019,14:09:22,15,0,15.2,1.1,66.3,66.1,2,1,1.00,CYCLE,E
IND,208,6600,59464,20/07/2019,14:09:49,15,0,23.3,1.1,26.9,26.6,2,1,1.00,CYCLE,E
IND,208,6600,59465,20/07/2019,14:12:54,15,1,26.1,1.1,494.6,494.5,2,1,1.00,CYCLE,W
IND,208,6600,59465,20/07/2019,14:17:18,15,1,28.1,1.1,264.1,263.9,2,1,1.00,CYCLE,W
IND,208,6600,59464,20/07/2019,14:31:32,15,0,12.8,1.0,1302.8,1302.7,2,1,1.00,CYCLE,E
IND,208,6600,59464,20/07/2019,14:31:32,15,0,12.9,1.0,0.7,0.4,2,1,1.00,CYCLE,E
IND,208,6600,59464,20/07/2019,14:33:04,15,0,24.3,1.1,91.2,90.9,2,1,1.00,CYCLE,E
IND,208,6600,59464,20/07/2019,14:41:12,15,0,21.1,1.1,488.5,488.3,2,1,1.00,CYCLE,E
IND,208,6600,59464,20/07/2019,14:41:18,15,0,19.7,1.2,5.7,5.5,2,1,1.00,CYCLE,E
IND,208,6600,59464,20/07/2019,14:46:12,15,0,20.8,1.1,294.2,294.0,2,1,1.00,CYCLE,E
IND,208,6600,59465,20/07/2019,14:46:22,15,1,20.7,1.0,1744.3,1744.2,2,1,1.00,CYCLE,W
IND,208,6600,59465,20/07/2019,14:46:25,15,1,21.8,1.0,2.8,2.6,2,1,1.00,CYCLE,W
IND,208,6600,59464,20/07/2019,14:47:31,15,0,22.7,1.0,79.1,78.9,2,1,1.00,CYCLE,E
IND,208,6600,59465,20/07/2019,14:54:13,15,1,30.9,1.0,467.9,467.7,2,1,1.00,CYCLE,W
IND,208,6600,59464,20/07/2019,14:55:27,15,0,23.2,1.0,476.0,475.8,2,1,1.00,CYCLE,E
IND,208,6600,59464,20/07/2019,14:55:29,15,0,21.6,1.0,1.6,1.4,2,1,1.00,CYCLE,E
IND,208,6600,59465,20/07/2019,15:00:20,15,1,32.5,1.0,366.8,366.7,2,1,1.00,CYCLE,W
IND,208,6600,59465,20/07/2019,15:02:29,15,1,29.2,1.1,129.5,129.4,2,1,1.00,CYCLE,W
IND,208,6600,59465,20/07/2019,15:02:30,15,1,26.9,1.1,0.9,0.7,2,1,1.00,CYCLE,W
IND,208,6600,59464,20/07/2019,15:05:12,15,0,23.5,1.1,582.9,582.8,2,1,1.00,CYCLE,E
IND,208,6600,59464,20/07/2019,15:13:38,15,0,15.3,1.1,506.8,506.6,2,1,1.00,CYCLE,E
IND,208,6600,59465,20/07/2019,15:17:30,15,1,20.4,1.1,900.3,900.1,2,1,1.00,CYCLE,W
IND,208,6600,59465,20/07/2019,15:17:31,15,1,20.4,1.1,1.1,1.0,2,1,1.00,CYCLE,W
IND,208,6600,59464,20/07/2019,15:19:09,15,0,21.2,1.0,330.9,330.6,2,1,1.00,CYCLE,E
IND,208,6600,59465,20/07/2019,15:29:34,15,1,29.7,1.0,722.4,722.1,2,1,1.00,CYCLE,W
IND,208,6600,59465,20/07/2019,15:29:36,15,1,30.3,1.0,1.9,1.7,2,1,1.00,CYCLE,W
IND,208,6600,59464,20/07/2019,15:39:29,15,0,21.0,1.1,1219.7,1219.5,2,1,1.00,CYCLE,E
IND,208,6600,59465,20/07/2019,15:43:15,15,1,19.9,1.1,819.4,819.3,2,1,1.00,CYCLE,W
IND,208,6600,59465,20/07/2019,15:54:20,15,1,26.9,1.1,665.3,665.1,2,1,1.00,CYCLE,W
IND,208,6600,59465,20/07/2019,15:56:48,15,1,26.8,1.0,147.5,147.3,2,1,1.00,CYCLE,W
IND,208,6600,59465,20/07/2019,16:08:49,15,1,28.2,1.2,720.9,720.8,2,1,1.00,CYCLE,W
IND,208,6600,59465,20/07/2019,16:08:50,15,1,29.5,1.1,1.1,0.9,2,1,1.00,CYCLE,W
IND,208,6600,59464,20/07/2019,16:09:53,15,0,19.2,1.1,859.8,859.6,2,1,1.00,CYCLE,E
IND,208,6600,59464,20/07/2019,16:13:50,15,0,18.8,1.0,236.2,236.0,2,1,1.00,CYCLE,E
IND,208,6600,59465,20/07/2019,16:15:14,15,1,26.0,1.0,384.6,384.5,2,1,1.00,CYCLE,W
IND,208,6600,59465,20/07/2019,16:15:14,15,1,26.0,1.0,0.0,0.0,2,1,1.00,CYCLE,W
IND,208,6600,59465,20/07/2019,16:21:15,15,1,35.7,1.0,360.4,360.2,2,1,1.00,CYCLE,W
IND,208,6600,59465,20/07/2019,16:21:24,15,1,34.0,1.0,8.9,8.8,2,1,1.00,CYCLE,W
IND,208,6600,59464,20/07/2019,16:31:53,15,0,22.1,1.0,1083.4,1083.2,2,1,1.00,CYCLE,E
IND,208,6600,59465,20/07/2019,16:42:38,15,1,28.0,1.1,1274.0,1273.9,2,1,1.00,CYCLE,W
IND,208,6600,59465,20/07/2019,16:48:09,15,1,31.1,1.0,330.9,330.7,2,1,1.00,CYCLE,W
IND,208,6600,59465,20/07/2019,16:54:26,15,1,21.0,0.9,377.0,376.9,2,1,1.00,CYCLE,W
IND,208,6600,59465,20/07/2019,16:54:33,15,1,16.0,1.1,7.4,7.2,2,1,1.00,CYCLE,W
IND,208,6600,59465,20/07/2019,16:54:34,15,1,18.0,1.0,1.3,1.0,2,1,1.00,CYCLE,W
IND,208,6600,59464,20/07/2019,16:58:05,15,0,16.8,1.1,1571.9,1571.7,2,1,1.00,CYCLE,E
IND,208,6600,59464,20/07/2019,16:58:06,15,0,19.0,1.1,1.3,1.0,2,1,1.00,CYCLE,E
IND,208,6600,59464,20/07/2019,17:17:15,15,0,15.1,1.1,1148.9,1148.7,2,1,1.00,CYCLE,E
IND,208,6600,59465,20/07/2019,18:33:01,15,1,24.8,1.1,5906.5,5905.8,2,1,1.00,CYCLE,W
IND,208,6600,59465,20/07/2019,18:33:01,15,1,24.3,1.1,0.4,0.3,2,1,1.00,CYCLE,W
IND,208,6600,59465,20/07/2019,18:41:20,15,1,32.3,0.9,498.9,498.7,2,1,1.00,CYCLE,W
IND,208,6600,59464,20/07/2019,19:51:49,15,0,20.5,1.1,9273.5,9273.3,2,1,1.00,CYCLE,E
IND,208,6600,59465,20/07/2019,20:10:28,15,1,30.0,1.1,5347.7,5347.6,2,1,1.00,CYCLE,W
IND,208,6600,59465,21/07/2019,07:13:55,15,1,30.1,1.1,39807.1,39807.0,2,1,1.00,CYCLE,W
IND,208,6600,59464,21/07/2019,07:36:43,15,0,22.7,1.0,42294.3,42294.1,2,1,1.00,CYCLE,E
IND,208,6600,59465,21/07/2019,07:45:04,15,1,29.3,1.0,1868.9,1868.8,2,1,1.00,CYCLE,W
IND,208,6600,59465,21/07/2019,07:45:04,15,1,29.3,1.0,0.0,0.0,2,1,1.00,CYCLE,W
IND,208,6600,59464,21/07/2019,08:03:11,15,0,20.0,1.0,1587.8,1587.7,2,1,1.00,CYCLE,E
IND,208,6600,59465,21/07/2019,08:12:13,15,1,31.6,1.0,1629.5,1629.3,2,1,1.00,CYCLE,W
IND,208,6600,59465,21/07/2019,08:31:10,15,1,31.0,1.0,1136.9,1136.8,2,1,1.00,CYCLE,W
IND,208,6600,59465,21/07/2019,08:38:16,15,1,26.1,1.0,425.7,425.6,2,1,1.00,CYCLE,W
IND,208,6600,59465,21/07/2019,08:38:17,15,1,25.4,1.0,1.6,1.5,2,1,1.00,CYCLE,W
IND,208,6600,59464,21/07/2019,08:40:08,15,0,15.3,1.0,2216.8,2216.6,2,1,1.00,CYCLE,E
IND,208,6600,59464,21/07/2019,08:40:08,15,0,15.3,1.0,0.0,0.0,2,1,1.00,CYCLE,E
IND,208,6600,59465,21/07/2019,08:48:49,15,1,31.0,1.1,631.3,631.2,2,1,1.00,CYCLE,W
IND,208,6600,59465,21/07/2019,08:52:53,15,1,23.1,1.1,243.9,243.8,2,1,1.00,CYCLE,W
IND,208,6600,59465,21/07/2019,09:06:42,15,1,28.9,1.1,829.5,829.3,2,1,1.00,CYCLE,W
IND,208,6600,59464,21/07/2019,09:09:37,15,0,15.1,1.0,1769.8,1769.3,2,1,1.00,CYCLE,E
IND,208,6600,59465,21/07/2019,09:11:07,15,1,27.1,1.1,265.2,265.1,2,1,1.00,CYCLE,W
IND,208,6600,59464,21/07/2019,09:16:44,15,0,21.2,1.1,426.8,426.6,2,1,1.00,CYCLE,E
IND,208,6600,59465,21/07/2019,09:20:13,15,1,24.8,1.2,546.0,545.9,2,1,1.00,CYCLE,W
IND,208,6600,59465,21/07/2019,09:34:42,15,1,24.4,1.0,868.5,868.3,2,1,1.00,CYCLE,W
IND,208,6600,59465,21/07/2019,09:34:42,15,1,25.3,1.0,0.5,0.4,2,1,1.00,CYCLE,W
IND,208,6600,59465,21/07/2019,09:46:53,15,1,32.3,1.1,730.8,730.7,2,1,1.00,CYCLE,W
IND,208,6600,59465,21/07/2019,09:46:54,15,1,32.6,1.0,0.3,0.2,2,1,1.00,CYCLE,W
IND,208,6600,59465,21/07/2019,09:46:55,15,1,32.6,1.0,1.0,0.9,2,1,1.00,CYCLE,W
IND,208,6600,59464,21/07/2019,09:55:43,15,0,12.4,1.1,2339.2,2339.0,2,1,1.00,CYCLE,E
IND,208,6600,59465,21/07/2019,10:04:23,15,1,32.8,1.0,1048.4,1048.3,2,1,1.00,CYCLE,W
IND,208,6600,59465,21/07/2019,10:04:23,15,1,32.8,1.0,0.0,0.0,2,1,1.00,CYCLE,W
IND,208,6600,59465,21/07/2019,10:04:30,15,1,25.3,1.0,6.8,6.7,2,1,1.00,CYCLE,W
IND,208,6600,59464,21/07/2019,10:05:32,15,0,17.4,1.1,588.9,588.6,2,1,1.00,CYCLE,E
IND,208,6600,59464,21/07/2019,10:07:30,15,0,16.5,1.0,118.0,117.8,2,1,1.00,CYCLE,E
IND,208,6600,59464,21/07/2019,10:08:26,15,0,24.0,1.0,56.0,55.8,2,1,1.00,CYCLE,E
IND,208,6600,59464,21/07/2019,10:08:29,15,0,25.6,1.0,2.2,2.0,2,1,1.00,CYCLE,E
IND,208,6600,59464,21/07/2019,10:15:05,15,0,18.2,1.0,396.1,395.9,2,1,1.00,CYCLE,E
IND,208,6600,59464,21/07/2019,10:15:05,15,0,18.2,1.0,0.0,0.0,2,1,1.00,CYCLE,E
IND,208,6600,59465,21/07/2019,10:31:00,15,1,32.4,1.0,1590.1,1589.9,2,1,1.00,CYCLE,W
IND,208,6600,59464,21/07/2019,10:39:02,15,0,25.8,1.1,1437.1,1436.8,2,1,1.00,CYCLE,E
IND,208,6600,59464,21/07/2019,10:39:30,15,0,21.0,1.0,28.2,28.0,2,1,1.00,CYCLE,E
IND,208,6600,59464,21/07/2019,10:39:30,15,0,21.0,1.0,0.5,0.3,2,1,1.00,CYCLE,E
IND,208,6600,59464,21/07/2019,10:41:20,15,0,22.4,1.1,110.1,109.9,2,1,1.00,CYCLE,E
IND,208,6600,59465,21/07/2019,10:49:29,15,1,22.4,1.1,1108.6,1108.6,2,1,1.00,CYCLE,W
IND,208,6600,59465,21/07/2019,11:03:59,15,1,33.8,1.0,870.7,870.5,2,1,1.00,CYCLE,W
IND,208,6600,59465,21/07/2019,11:04:05,15,1,30.1,1.1,5.3,5.2,2,1,1.00,CYCLE,W
IND,208,6600,59465,21/07/2019,11:05:20,15,1,27.5,1.1,75.1,75.0,2,1,1.00,CYCLE,W
IND,208,6600,59464,21/07/2019,11:05:35,15,0,16.2,1.1,1454.5,1454.4,2,1,1.00,CYCLE,E
IND,208,6600,59464,21/07/2019,11:15:03,15,0,26.9,1.0,568.1,567.9,2,1,1.00,CYCLE,E
IND,208,6600,59465,21/07/2019,11:23:14,15,1,17.2,1.0,1074.6,1074.5,2,1,1.00,CYCLE,W
IND,208,6600,59465,21/07/2019,11:24:52,15,1,27.9,1.1,97.3,97.1,2,1,1.00,CYCLE,W
IND,208,6600,59464,21/07/2019,11:35:43,15,0,15.5,1.1,1240.3,1240.2,2,1,1.00,CYCLE,E
IND,208,6600,59465,21/07/2019,11:36:47,15,1,22.2,1.1,601.8,601.3,2,1,1.00,CYCLE,W
IND,208,6600,59464,21/07/2019,11:40:49,15,0,25.0,1.1,305.7,305.4,2,1,1.00,CYCLE,E
IND,208,6600,59465,21/07/2019,11:41:39,15,1,20.9,1.0,291.9,291.7,2,1,1.00,CYCLE,W
IND,208,6600,59464,21/07/2019,11:42:01,15,0,16.3,1.1,72.5,72.3,2,1,1.00,CYCLE,E
IND,208,6600,59465,21/07/2019,11:48:57,15,1,33.4,1.0,438.3,438.1,2,1,1.00,CYCLE,W
IND,208,6600,59464,21/07/2019,11:49:22,15,0,23.3,1.1,440.1,439.8,2,1,1.00,CYCLE,E
IND,208,6600,59465,21/07/2019,12:02:35,15,1,24.9,1.1,818.1,818.0,2,1,1.00,CYCLE,W
IND,208,6600,59464,21/07/2019,12:11:56,15,0,14.1,1.0,1354.5,1354.3,2,1,1.00,CYCLE,E
IND,208,6600,59464,21/07/2019,12:17:14,15,0,27.6,1.0,317.8,317.6,2,1,1.00,CYCLE,E
IND,208,6600,59464,21/07/2019,12:24:12,15,0,13.8,1.1,417.9,417.8,2,1,1.00,CYCLE,E
IND,208,6600,59464,21/07/2019,12:24:26,15,0,11.8,1.0,14.0,13.7,2,1,1.00,CYCLE,E
IND,208,6600,59465,21/07/2019,12:29:14,15,1,29.1,1.0,1598.5,1598.3,2,1,1.00,CYCLE,W
IND,208,6600,59464,21/07/2019,12:30:11,15,0,23.6,1.0,344.9,344.6,2,1,1.00,CYCLE,E
IND,208,6600,59464,21/07/2019,12:35:23,15,0,24.5,1.0,312.3,312.1,2,1,1.00,CYCLE,E
IND,208,6600,59465,21/07/2019,12:37:16,15,1,24.1,1.1,482.0,481.9,2,1,1.00,CYCLE,W
IND,208,6600,59465,21/07/2019,12:39:19,15,1,23.2,1.1,122.7,122.6,2,1,1.00,CYCLE,W
IND,208,6600,59465,21/07/2019,12:41:00,15,1,19.7,1.0,101.6,101.4,2,1,1.00,CYCLE,W
IND,208,6600,59464,21/07/2019,12:43:06,15,0,26.5,1.0,463.2,463.1,2,1,1.00,CYCLE,E
IND,208,6600,59465,21/07/2019,12:49:42,15,1,17.4,1.1,521.5,521.4,2,1,1.00,CYCLE,W
IND,208,6600,59465,21/07/2019,12:49:56,15,1,15.2,1.0,14.5,14.3,2,1,1.00,CYCLE,W
IND,208,6600,59465,21/07/2019,12:51:50,15,1,31.2,1.0,113.4,113.1,2,1,1.00,CYCLE,W
IND,208,6600,59465,21/07/2019,13:04:14,15,1,22.8,1.0,744.5,744.4,2,1,1.00,CYCLE,W
IND,208,6600,59465,21/07/2019,13:04:14,15,1,22.8,1.0,0.0,0.0,2,1,1.00,CYCLE,W
IND,208,6600,59464,21/07/2019,13:05:11,15,0,17.3,1.0,1324.6,1324.4,2,1,1.00,CYCLE,E
IND,208,6600,59464,21/07/2019,13:11:43,15,0,21.6,1.0,392.0,391.8,2,1,1.00,CYCLE,E
IND,208,6600,59465,21/07/2019,13:14:47,15,1,29.0,1.1,632.6,632.3,2,1,1.00,CYCLE,W
IND,208,6600,59465,21/07/2019,13:22:13,15,1,33.4,1.1,445.9,445.7,2,1,1.00,CYCLE,W
IND,208,6600,59464,21/07/2019,13:28:29,15,0,20.0,1.0,1006.2,1006.0,2,1,1.00,CYCLE,E
IND,208,6600,59465,21/07/2019,13:33:00,15,1,20.8,1.1,647.6,647.5,2,1,1.00,CYCLE,W
IND,208,6600,59465,21/07/2019,13:33:01,15,1,23.0,1.1,0.4,0.2,2,1,1.00,CYCLE,W
IND,208,6600,59464,21/07/2019,13:35:10,15,0,13.5,1.1,401.5,401.3,2,1,1.00,CYCLE,E
IND,208,6600,59464,21/07/2019,13:35:11,15,0,14.0,1.1,0.8,0.5,2,1,1.00,CYCLE,E
IND,208,6600,59464,21/07/2019,13:37:36,15,0,19.1,1.1,144.6,144.3,2,1,1.00,CYCLE,E
IND,208,6600,59465,21/07/2019,13:42:16,15,1,23.6,1.1,555.8,555.7,2,1,1.00,CYCLE,W
IND,208,6600,59464,21/07/2019,13:47:32,15,0,13.0,1.0,391.8,391.4,2,1,1.00,CYCLE,E
IND,208,6600,59464,21/07/2019,13:48:52,15,0,15.9,1.1,80.0,79.7,2,1,1.00,CYCLE,E
IND,208,6600,59464,21/07/2019,13:48:53,15,0,16.1,1.0,0.7,0.5,2,1,1.00,CYCLE,E
IND,208,6600,59464,21/07/2019,13:49:39,15,0,16.6,1.1,46.2,46.0,2,1,1.00,CYCLE,E
IND,208,6600,59465,21/07/2019,13:53:47,15,1,26.4,1.1,690.4,690.2,2,1,1.00,CYCLE,W
IND,208,6600,59464,21/07/2019,13:54:41,15,0,28.0,1.0,301.9,301.6,2,1,1.00,CYCLE,E
IND,208,6600,59464,21/07/2019,14:02:16,15,0,19.2,1.0,455.4,455.2,2,1,1.00,CYCLE,E
IND,208,6600,59464,21/07/2019,14:02:16,15,0,18.9,1.1,0.4,0.2,2,1,1.00,CYCLE,E
IND,208,6600,59464,21/07/2019,14:02:32,15,0,19.8,1.0,15.2,15.0,2,1,1.00,CYCLE,E
IND,208,6600,59464,21/07/2019,14:02:49,15,0,18.4,1.0,17.3,17.1,2,1,1.00,CYCLE,E
IND,208,6600,59465,21/07/2019,14:13:26,15,1,35.8,1.0,533.5,533.3,2,1,1.00,CYCLE,W
IND,208,6600,59464,21/07/2019,14:17:17,15,0,26.9,1.0,867.9,867.7,2,1,1.00,CYCLE,E
IND,208,6600,59464,21/07/2019,14:22:57,15,0,20.0,1.1,340.2,340.1,2,1,1.00,CYCLE,E
IND,208,6600,59465,21/07/2019,14:33:42,15,1,22.8,1.0,1215.6,1215.6,2,1,1.00,CYCLE,W
IND,208,6600,59465,21/07/2019,14:33:43,15,1,21.7,1.1,0.8,0.6,2,1,1.00,CYCLE,W
IND,208,6600,59465,21/07/2019,14:41:17,15,1,31.9,1.0,454.2,454.0,2,1,1.00,CYCLE,W
IND,208,6600,59465,21/07/2019,14:44:11,15,1,32.7,1.0,174.3,174.2,2,1,1.00,CYCLE,W
IND,208,6600,59465,21/07/2019,14:48:15,15,1,11.9,0.5,244.2,244.2,2,1,1.00,CYCLE,W
IND,208,6600,59464,21/07/2019,14:49:03,15,0,19.3,1.0,1566.2,1566.0,2,1,1.00,CYCLE,E
IND,208,6600,59464,21/07/2019,14:54:58,15,0,37.9,1.0,354.5,354.3,2,1,1.00,CYCLE,E
IND,208,6600,59465,21/07/2019,14:57:39,15,1,28.9,1.0,563.8,563.6,2,1,1.00,CYCLE,W
IND,208,6600,59465,21/07/2019,14:57:40,15,1,28.3,1.0,0.5,0.4,2,1,1.00,CYCLE,W
IND,208,6600,59464,21/07/2019,15:00:14,15,0,9.7,1.0,316.6,316.5,2,1,1.00,CYCLE,E
IND,208,6600,59464,21/07/2019,15:07:37,15,0,14.3,1.1,442.6,442.3,2,1,1.00,CYCLE,E
IND,208,6600,59465,21/07/2019,15:07:48,15,1,23.3,1.0,608.0,607.9,2,1,1.00,CYCLE,W
IND,208,6600,59465,21/07/2019,15:07:50,15,1,25.1,1.0,2.5,2.3,2,1,1.00,CYCLE,W
IND,208,6600,59465,21/07/2019,15:07:52,15,1,25.1,1.0,1.4,1.2,2,1,1.00,CYCLE,W
IND,208,6600,59464,21/07/2019,15:09:37,15,0,13.1,1.0,119.9,119.6,2,1,1.00,CYCLE,E
IND,208,6600,59465,21/07/2019,15:20:36,15,1,29.5,1.0,764.8,764.7,2,1,1.00,CYCLE,W
IND,208,6600,59464,21/07/2019,15:30:12,15,0,17.0,1.1,1235.3,1235.1,2,1,1.00,CYCLE,E
IND,208,6600,59465,21/07/2019,15:33:27,15,1,19.0,1.0,770.4,770.3,2,1,1.00,CYCLE,W
IND,208,6600,59465,21/07/2019,15:33:28,15,1,19.7,1.0,0.8,0.6,2,1,1.00,CYCLE,W
IND,208,6600,59464,21/07/2019,15:33:57,15,0,18.4,1.1,224.5,224.2,2,1,1.00,CYCLE,E
IND,208,6600,59464,21/07/2019,15:59:04,15,0,16.6,1.0,1507.7,1507.5,2,1,1.00,CYCLE,E
IND,208,6600,59464,21/07/2019,15:59:08,15,0,12.8,1.0,3.9,3.7,2,1,1.00,CYCLE,E
IND,208,6600,59464,21/07/2019,15:59:09,15,0,14.2,1.0,0.7,0.5,2,1,1.00,CYCLE,E
IND,208,6600,59465,21/07/2019,16:04:15,15,1,21.6,1.1,1847.4,1847.2,2,1,1.00,CYCLE,W
IND,208,6600,59464,21/07/2019,16:05:55,15,0,18.7,1.1,406.3,406.0,2,1,1.00,CYCLE,E
IND,208,6600,59464,21/07/2019,16:05:58,15,0,16.2,1.0,2.4,2.1,2,1,1.00,CYCLE,E
IND,208,6600,59465,21/07/2019,16:09:02,15,1,39.1,1.0,286.8,286.6,2,1,1.00,CYCLE,W
IND,208,6600,59464,21/07/2019,16:15:40,15,0,12.9,1.1,582.5,582.3,2,1,1.00,CYCLE,E
IND,208,6600,59464,21/07/2019,16:27:55,15,0,23.0,1.0,735.1,734.8,2,1,1.00,CYCLE,E
IND,208,6600,59464,21/07/2019,16:28:54,15,0,23.2,1.0,58.2,58.0,2,1,1.00,CYCLE,E
IND,208,6600,59464,21/07/2019,16:35:30,15,0,19.6,1.1,396.2,396.0,2,1,1.00,CYCLE,E
IND,208,6600,59465,21/07/2019,16:35:59,15,1,33.8,1.0,1616.7,1616.6,2,1,1.00,CYCLE,W
IND,208,6600,59465,21/07/2019,16:37:53,15,1,7.9,1.0,114.7,114.7,2,1,1.00,CYCLE,W
IND,208,6600,59465,21/07/2019,16:38:13,15,1,30.6,1.0,19.8,19.2,2,1,1.00,CYCLE,W
IND,208,6600,59465,21/07/2019,16:40:06,15,1,33.2,1.0,113.1,113.0,2,1,1.00,CYCLE,W
IND,208,6600,59465,21/07/2019,16:43:16,15,1,31.7,1.0,189.8,189.7,2,1,1.00,CYCLE,W
IND,208,6600,59465,21/07/2019,16:43:59,15,1,13.8,0.7,42.9,42.8,2,1,1.00,CYCLE,W
IND,208,6600,59465,21/07/2019,16:44:01,15,1,12.9,0.7,1.7,1.5,2,1,1.00,CYCLE,W
IND,208,6600,59465,21/07/2019,16:44:02,15,1,12.6,0.9,1.4,1.2,2,1,1.00,CYCLE,W
IND,208,6600,59464,21/07/2019,16:48:19,15,0,13.8,1.0,769.7,769.5,2,1,1.00,CYCLE,E
IND,208,6600,59464,21/07/2019,16:51:35,15,0,9.7,1.0,196.0,195.8,2,1,1.00,CYCLE,E
IND,208,6600,59464,21/07/2019,16:51:41,15,0,13.5,0.9,5.6,5.2,2,1,1.00,CYCLE,E
IND,208,6600,59465,21/07/2019,16:52:08,15,1,18.1,0.9,486.6,486.2,2,1,1.00,CYCLE,W
IND,208,6600,59464,21/07/2019,16:52:40,15,0,8.5,1.0,58.8,58.6,2,1,1.00,CYCLE,E
IND,208,6600,59465,21/07/2019,16:57:52,15,1,19.5,1.0,343.8,343.6,2,1,1.00,CYCLE,W
IND,208,6600,59464,21/07/2019,16:59:24,15,0,16.7,0.9,404.4,403.9,2,1,1.00,CYCLE,E
IND,208,6600,59464,21/07/2019,16:59:33,15,0,13.1,0.9,8.8,8.6,2,1,1.00,CYCLE,E
IND,208,6600,59464,21/07/2019,17:06:30,15,0,12.4,1.0,416.7,416.5,2,1,1.00,CYCLE,E
IND,208,6600,59464,21/07/2019,17:06:32,15,0,12.8,1.1,2.2,1.9,2,1,1.00,CYCLE,E
IND,208,6600,59465,21/07/2019,17:07:04,15,1,20.8,1.0,552.0,551.8,2,1,1.00,CYCLE,W
IND,208,6600,59465,21/07/2019,17:07:36,15,1,17.3,0.9,31.2,31.1,2,1,1.00,CYCLE,W
IND,208,6600,59465,21/07/2019,17:07:46,15,1,19.7,1.1,10.1,9.9,2,1,1.00,CYCLE,W
IND,208,6600,59465,21/07/2019,17:11:07,15,1,11.7,1.0,201.6,202.1,2,1,0.80,CYCLE,W
IND,208,6600,59464,21/07/2019,17:18:04,15,0,24.4,1.0,692.2,691.9,2,1,1.00,CYCLE,E
IND,208,6600,59465,21/07/2019,17:25:25,15,1,29.4,1.0,857.5,856.5,2,1,1.00,CYCLE,W
IND,208,6600,59464,21/07/2019,17:33:14,15,0,13.3,1.0,909.9,909.8,2,1,1.00,CYCLE,E
IND,208,6600,59464,21/07/2019,19:04:36,15,0,24.6,1.0,5482.2,5481.9,2,1,1.00,CYCLE,E
IND,208,6600,59464,21/07/2019,20:25:40,15,0,21.7,1.1,4864.0,4863.8,2,1,1.00,CYCLE,E
