date,n
Sat 22 Nov 2014,304
Sun 23 Nov 2014,991
Mon 24 Nov 2014,1230
Tue 25 Nov 2014,2010
Wed 26 Nov 2014,1972
Thu 27 Nov 2014,1992
Fri 28 Nov 2014,1759
Sat 29 Nov 2014,985
Sun 30 Nov 2014,773
Mon 1 Dec 2014,1817
Tue 2 Dec 2014,2159
Wed 3 Dec 2014,1790
Thu 4 Dec 2014,1959
Fri 5 Dec 2014,1534
Sat 6 Dec 2014,705
Sun 7 Dec 2014,400
Mon 8 Dec 2014,1796
Tue 9 Dec 2014,2096
Wed 10 Dec 2014,1956
Thu 11 Dec 2014,1791
Fri 12 Dec 2014,1730
Sat 13 Dec 2014,905
Sun 14 Dec 2014,793
Mon 15 Dec 2014,1996
Tue 16 Dec 2014,1884
Wed 17 Dec 2014,1935
Thu 18 Dec 2014,1535
Fri 19 Dec 2014,1361
Sat 20 Dec 2014,1041
Sun 21 Dec 2014,823
Mon 22 Dec 2014,1396
Tue 23 Dec 2014,1219
Wed 24 Dec 2014,886
Thu 25 Dec 2014,296
Fri 26 Dec 2014,475
Sat 27 Dec 2014,750
Sun 28 Dec 2014,622
Mon 29 Dec 2014,747
Tue 30 Dec 2014,786
Wed 31 Dec 2014,929
Thu 1 Jan 2015,618
Fri 2 Jan 2015,614
Sat 3 Jan 2015,326
Sun 4 Jan 2015,722
Mon 5 Jan 2015,1752
Tue 6 Jan 2015,1838
Wed 7 Jan 2015,1379
Thu 8 Jan 2015,1174
Fri 9 Jan 2015,799
Sat 10 Jan 2015,570
Sun 11 Jan 2015,960
Mon 12 Jan 2015,2029
Tue 13 Jan 2015,1368
Wed 14 Jan 2015,1215
Thu 15 Jan 2015,1768
Fri 16 Jan 2015,1735
Sat 17 Jan 2015,990
Sun 18 Jan 2015,907
Mon 19 Jan 2015,1986
Tue 20 Jan 2015,1933
Wed 21 Jan 2015,1962
Thu 22 Jan 2015,1713
Fri 23 Jan 2015,1659
Sat 24 Jan 2015,903
Sun 25 Jan 2015,776
Mon 26 Jan 2015,716
Tue 27 Jan 2015,1875
Wed 28 Jan 2015,2055
Thu 29 Jan 2015,2057
Fri 30 Jan 2015,1866
Sat 31 Jan 2015,1008
Sun 1 Feb 2015,405
Mon 2 Feb 2015,1917
Tue 3 Feb 2015,2310
Wed 4 Feb 2015,2103
Thu 5 Feb 2015,2332
Fri 6 Feb 2015,1968
Sat 7 Feb 2015,807
Sun 8 Feb 2015,832
Mon 9 Feb 2015,2205
Tue 10 Feb 2015,2288
Wed 11 Feb 2015,2011
Thu 12 Feb 2015,2178
Fri 13 Feb 2015,1637
Sat 14 Feb 2015,736
Sun 15 Feb 2015,882
Mon 16 Feb 2015,2220
Tue 17 Feb 2015,2165
Wed 18 Feb 2015,2083
Thu 19 Feb 2015,2038
Fri 20 Feb 2015,2043
Sat 21 Feb 2015,978
Sun 22 Feb 2015,847
Mon 23 Feb 2015,1815
Tue 24 Feb 2015,2202
Wed 25 Feb 2015,2324
Thu 26 Feb 2015,2163
Fri 27 Feb 2015,2011
Sat 28 Feb 2015,918
Sun 1 Mar 2015,894
Mon 2 Mar 2015,2283
Tue 3 Mar 2015,2471
Wed 4 Mar 2015,2427
Thu 5 Mar 2015,2004
Fri 6 Mar 2015,1656
Sat 7 Mar 2015,847
Sun 8 Mar 2015,891
Mon 9 Mar 2015,992
Tue 10 Mar 2015,2327
Wed 11 Mar 2015,2381
Thu 12 Mar 2015,2001
Fri 13 Mar 2015,2019
Sat 14 Mar 2015,1007
Sun 15 Mar 2015,842
Mon 16 Mar 2015,2190
Tue 17 Mar 2015,2072
Wed 18 Mar 2015,2213
Thu 19 Mar 2015,1977
Fri 20 Mar 2015,1992
Sat 21 Mar 2015,1142
Sun 22 Mar 2015,993
Mon 23 Mar 2015,1902
Tue 24 Mar 2015,1751
Wed 25 Mar 2015,2014
Thu 26 Mar 2015,1772
Fri 27 Mar 2015,1600
Sat 28 Mar 2015,958
Sun 29 Mar 2015,996
Mon 30 Mar 2015,2116
Tue 31 Mar 2015,2177
Wed 1 Apr 2015,2024
Thu 2 Apr 2015,1611
Fri 3 Apr 2015,727
Sat 4 Apr 2015,734
Sun 5 Apr 2015,590
Mon 6 Apr 2015,672
Tue 7 Apr 2015,1260
Wed 8 Apr 2015,1479
Thu 9 Apr 2015,1789
Fri 10 Apr 2015,1706
Sat 11 Apr 2015,1066
Sun 12 Apr 2015,875
Mon 13 Apr 2015,2112
Tue 14 Apr 2015,1716
Wed 15 Apr 2015,2010
Thu 16 Apr 2015,1985
Fri 17 Apr 2015,1533
Sat 18 Apr 2015,727
Sun 19 Apr 2015,381
Mon 20 Apr 2015,1897
Tue 21 Apr 2015,2001
Wed 22 Apr 2015,2023
Thu 23 Apr 2015,1997
Fri 24 Apr 2015,1642
Sat 25 Apr 2015,325
Sun 26 Apr 2015,388
Mon 27 Apr 2015,1782
Tue 28 Apr 2015,1849
Wed 29 Apr 2015,2118
Thu 30 Apr 2015,2080
Fri 1 May 2015,1903
Sat 2 May 2015,910
Sun 3 May 2015,920
Mon 4 May 2015,2079
Tue 5 May 2015,1190
Wed 6 May 2015,1776
Thu 7 May 2015,1626
Fri 8 May 2015,1628
Sat 9 May 2015,809
Sun 10 May 2015,338
Mon 11 May 2015,1536
Tue 12 May 2015,1506
Wed 13 May 2015,857
Thu 14 May 2015,1428
Fri 15 May 2015,1421
Sat 16 May 2015,915
Sun 17 May 2015,936
Mon 18 May 2015,2079
Tue 19 May 2015,1641
Wed 20 May 2015,1729
Thu 21 May 2015,1205
Fri 22 May 2015,1511
Sat 23 May 2015,861
Sun 24 May 2015,782
Mon 25 May 2015,1833
Tue 26 May 2015,1996
Wed 27 May 2015,1933
Thu 28 May 2015,1564
Fri 29 May 2015,1585
Sat 30 May 2015,900
Sun 31 May 2015,513
Mon 1 Jun 2015,1160
Tue 2 Jun 2015,1257
Wed 3 Jun 2015,1607
Thu 4 Jun 2015,1316
Fri 5 Jun 2015,1310
Sat 6 Jun 2015,780
Sun 7 Jun 2015,449
Mon 8 Jun 2015,565
Tue 9 Jun 2015,1596
Wed 10 Jun 2015,1662
Thu 11 Jun 2015,1659
Fri 12 Jun 2015,1472
Sat 13 Jun 2015,808
Sun 14 Jun 2015,724
Mon 15 Jun 2015,1752
Tue 16 Jun 2015,1399
Wed 17 Jun 2015,1546
Thu 18 Jun 2015,1225
Fri 19 Jun 2015,1312
Sat 20 Jun 2015,733
Sun 21 Jun 2015,731
Mon 22 Jun 2015,1528
Tue 23 Jun 2015,1576
Wed 24 Jun 2015,1673
Thu 25 Jun 2015,1505
Fri 26 Jun 2015,1352
Sat 27 Jun 2015,741
Sun 28 Jun 2015,701
Mon 29 Jun 2015,1557
Tue 30 Jun 2015,1688
Wed 1 Jul 2015,1588
Thu 2 Jul 2015,1203
Fri 3 Jul 2015,1218
Sat 4 Jul 2015,353
Sun 5 Jul 2015,583
Mon 6 Jul 2015,730
Tue 7 Jul 2015,1389
Wed 8 Jul 2015,1518
Thu 9 Jul 2015,1399
Fri 10 Jul 2015,1187
Sat 11 Jul 2015,342
Sun 12 Jul 2015,152
Mon 13 Jul 2015,677
Tue 14 Jul 2015,1018
Wed 15 Jul 2015,1167
Thu 16 Jul 2015,1382
Fri 17 Jul 2015,791
Sat 18 Jul 2015,626
Sun 19 Jul 2015,634
Mon 20 Jul 2015,1615
Tue 21 Jul 2015,1558
Wed 22 Jul 2015,1423
Thu 23 Jul 2015,1603
Fri 24 Jul 2015,1020
Sat 25 Jul 2015,561
Sun 26 Jul 2015,351
Mon 27 Jul 2015,1562
Tue 28 Jul 2015,1587
Wed 29 Jul 2015,1697
Thu 30 Jul 2015,1251
Fri 31 Jul 2015,1335
Sat 1 Aug 2015,439
Sun 2 Aug 2015,615
Mon 3 Aug 2015,977
Tue 4 Aug 2015,1555
Wed 5 Aug 2015,1281
Thu 6 Aug 2015,1003
Fri 7 Aug 2015,1145
Sat 8 Aug 2015,608
Sun 9 Aug 2015,553
Mon 10 Aug 2015,1396
Tue 11 Aug 2015,1596
Wed 12 Aug 2015,1282
Thu 13 Aug 2015,1477
Fri 14 Aug 2015,1360
Sat 15 Aug 2015,755
Sun 16 Aug 2015,706
Mon 17 Aug 2015,1173
Tue 18 Aug 2015,1376
Wed 19 Aug 2015,1787
Thu 20 Aug 2015,1674
Fri 21 Aug 2015,1353
Sat 22 Aug 2015,923
Sun 23 Aug 2015,776
Mon 24 Aug 2015,1706
Tue 25 Aug 2015,1647
Wed 26 Aug 2015,1728
Thu 27 Aug 2015,989
Fri 28 Aug 2015,1045
Sat 29 Aug 2015,490
Sun 30 Aug 2015,585
Mon 31 Aug 2015,1724
Tue 1 Sep 2015,1814
Wed 2 Sep 2015,1561
Thu 3 Sep 2015,1526
Fri 4 Sep 2015,1754
Sat 5 Sep 2015,786
Sun 6 Sep 2015,616
Mon 7 Sep 2015,1261
Tue 8 Sep 2015,1312
Wed 9 Sep 2015,1554
Thu 10 Sep 2015,1760
Fri 11 Sep 2015,1701
Sat 12 Sep 2015,872
Sun 13 Sep 2015,1070
Mon 14 Sep 2015,1939
Tue 15 Sep 2015,1302
Wed 16 Sep 2015,1797
Thu 17 Sep 2015,1634
Fri 18 Sep 2015,1343
Sat 19 Sep 2015,959
Sun 20 Sep 2015,1030
Mon 21 Sep 2015,1370
Tue 22 Sep 2015,1093
Wed 23 Sep 2015,1548
Thu 24 Sep 2015,1536
Fri 25 Sep 2015,1501
Sat 26 Sep 2015,1020
Sun 27 Sep 2015,1100
Mon 28 Sep 2015,1726
Tue 29 Sep 2015,1810
Wed 30 Sep 2015,1682
Thu 1 Oct 2015,1761
Fri 2 Oct 2015,1090
Sat 3 Oct 2015,899
Sun 4 Oct 2015,947
Mon 5 Oct 2015,1999
Tue 6 Oct 2015,1862
Wed 7 Oct 2015,2135
Thu 8 Oct 2015,2130
Fri 9 Oct 2015,1839
Sat 10 Oct 2015,959
Sun 11 Oct 2015,980
Mon 12 Oct 2015,1283
Tue 13 Oct 2015,2207
Wed 14 Oct 2015,2471
Thu 15 Oct 2015,2074
Fri 16 Oct 2015,1696
Sat 17 Oct 2015,1021
Sun 18 Oct 2015,1114
Mon 19 Oct 2015,2170
Tue 20 Oct 2015,2102
Wed 21 Oct 2015,1625
Thu 22 Oct 2015,1694
Fri 23 Oct 2015,1661
Sat 24 Oct 2015,1101
Sun 25 Oct 2015,913
Mon 26 Oct 2015,1549
Tue 27 Oct 2015,2140
Wed 28 Oct 2015,2120
Thu 29 Oct 2015,2170
Fri 30 Oct 2015,1829
Sat 31 Oct 2015,539
Sun 1 Nov 2015,647
Mon 2 Nov 2015,1188
Tue 3 Nov 2015,1025
Wed 4 Nov 2015,1892
Thu 5 Nov 2015,849
Fri 6 Nov 2015,1210
Sat 7 Nov 2015,786
Sun 8 Nov 2015,1079
Mon 9 Nov 2015,2159
Tue 10 Nov 2015,1594
Wed 11 Nov 2015,1963
Thu 12 Nov 2015,1830
Fri 13 Nov 2015,1553
Sat 14 Nov 2015,824
Sun 15 Nov 2015,952
Mon 16 Nov 2015,2122
Tue 17 Nov 2015,2082
Wed 18 Nov 2015,2266
Thu 19 Nov 2015,1913
Fri 20 Nov 2015,1471
Sat 21 Nov 2015,837
Sun 22 Nov 2015,1017
Mon 23 Nov 2015,1969
Tue 24 Nov 2015,2314
Wed 25 Nov 2015,1929
Thu 26 Nov 2015,1362
Fri 27 Nov 2015,1625
Sat 28 Nov 2015,1011
Sun 29 Nov 2015,917
Mon 30 Nov 2015,1950
Tue 1 Dec 2015,2035
Wed 2 Dec 2015,2079
Thu 3 Dec 2015,1975
Fri 4 Dec 2015,1704
Sat 5 Dec 2015,1086
Sun 6 Dec 2015,906
Mon 7 Dec 2015,1868
Tue 8 Dec 2015,1497
Wed 9 Dec 2015,2189
Thu 10 Dec 2015,1994
Fri 11 Dec 2015,1373
Sat 12 Dec 2015,805
Sun 13 Dec 2015,917
Mon 14 Dec 2015,2120
Tue 15 Dec 2015,2196
Wed 16 Dec 2015,1980
Thu 17 Dec 2015,1581
Fri 18 Dec 2015,1150
Sat 19 Dec 2015,435
Sun 20 Dec 2015,347
Mon 21 Dec 2015,1526
Tue 22 Dec 2015,1711
Wed 23 Dec 2015,1450
Thu 24 Dec 2015,864
Fri 25 Dec 2015,225
Sat 26 Dec 2015,261
Sun 27 Dec 2015,605
Mon 28 Dec 2015,697
Tue 29 Dec 2015,990
Wed 30 Dec 2015,844
Thu 31 Dec 2015,485
Fri 1 Jan 2016,484
Sat 2 Jan 2016,668
Sun 3 Jan 2016,757
Mon 4 Jan 2016,1483
Tue 5 Jan 2016,1591
Wed 6 Jan 2016,1538
Thu 7 Jan 2016,1662
Fri 8 Jan 2016,1506
Sat 9 Jan 2016,973
Sun 10 Jan 2016,893
Mon 11 Jan 2016,1668
Tue 12 Jan 2016,2119
Wed 13 Jan 2016,1370
Thu 14 Jan 2016,1264
Fri 15 Jan 2016,1420
Sat 16 Jan 2016,1061
Sun 17 Jan 2016,890
Mon 18 Jan 2016,1821
Tue 19 Jan 2016,1947
Wed 20 Jan 2016,1326
Thu 21 Jan 2016,1923
Fri 22 Jan 2016,946
Sat 23 Jan 2016,652
Sun 24 Jan 2016,603
Mon 25 Jan 2016,1593
Tue 26 Jan 2016,1232
Wed 27 Jan 2016,1766
Thu 28 Jan 2016,1795
Fri 29 Jan 2016,858
Sat 30 Jan 2016,1068
Sun 31 Jan 2016,870
Mon 1 Feb 2016,2539
Tue 2 Feb 2016,2531
Wed 3 Feb 2016,1639
Thu 4 Feb 2016,2244
Fri 5 Feb 2016,2134
Sat 6 Feb 2016,1130
Sun 7 Feb 2016,1070
Mon 8 Feb 2016,2471
Tue 9 Feb 2016,2531
Wed 10 Feb 2016,2270
Thu 11 Feb 2016,2447
Fri 12 Feb 2016,2114
Sat 13 Feb 2016,1075
Sun 14 Feb 2016,1115
Mon 15 Feb 2016,2528
Tue 16 Feb 2016,1930
Wed 17 Feb 2016,1932
Thu 18 Feb 2016,1643
Fri 19 Feb 2016,1772
Sat 20 Feb 2016,1061
Sun 21 Feb 2016,1092
Mon 22 Feb 2016,2290
Tue 23 Feb 2016,1987
Wed 24 Feb 2016,2321
Thu 25 Feb 2016,2204
Fri 26 Feb 2016,1988
Sat 27 Feb 2016,1109
Sun 28 Feb 2016,1170
Mon 29 Feb 2016,2446
Tue 1 Mar 2016,2402
Wed 2 Mar 2016,2529
Thu 3 Mar 2016,2455
Fri 4 Mar 2016,2018
Sat 5 Mar 2016,1088
Sun 6 Mar 2016,1153
Mon 7 Mar 2016,2438
Tue 8 Mar 2016,2193
Wed 9 Mar 2016,2153
Thu 10 Mar 2016,1385
Fri 11 Mar 2016,1901
Sat 12 Mar 2016,770
Sun 13 Mar 2016,783
Mon 14 Mar 2016,1040
Tue 15 Mar 2016,2422
Wed 16 Mar 2016,2469
Thu 17 Mar 2016,2253
Fri 18 Mar 2016,767
Sat 19 Mar 2016,784
Sun 20 Mar 2016,1127
Mon 21 Mar 2016,2427
Tue 22 Mar 2016,2568
Wed 23 Mar 2016,2403
Thu 24 Mar 2016,1876
Fri 25 Mar 2016,800
Sat 26 Mar 2016,723
Sun 27 Mar 2016,586
Mon 28 Mar 2016,752
Tue 29 Mar 2016,1806
Wed 30 Mar 2016,2003
Thu 31 Mar 2016,1980
Fri 1 Apr 2016,1777
Sat 2 Apr 2016,867
Sun 3 Apr 2016,954
Mon 4 Apr 2016,2196
Tue 5 Apr 2016,2286
Wed 6 Apr 2016,795
Thu 7 Apr 2016,2065
Fri 8 Apr 2016,1784
Sat 9 Apr 2016,1047
Sun 10 Apr 2016,1068
Mon 11 Apr 2016,2141
Tue 12 Apr 2016,2160
Wed 13 Apr 2016,2333
Thu 14 Apr 2016,2261
Fri 15 Apr 2016,2027
Sat 16 Apr 2016,976
Sun 17 Apr 2016,1067
Mon 18 Apr 2016,2399
Tue 19 Apr 2016,2486
Wed 20 Apr 2016,2478
Thu 21 Apr 2016,1349
Fri 22 Apr 2016,1592
Sat 23 Apr 2016,814
Sun 24 Apr 2016,896
Mon 25 Apr 2016,910
Tue 26 Apr 2016,2415
Wed 27 Apr 2016,2275
Thu 28 Apr 2016,2144
Fri 29 Apr 2016,1300
Sat 30 Apr 2016,1075
Sun 1 May 2016,582
Mon 2 May 2016,2096
Tue 3 May 2016,1519
Wed 4 May 2016,2087
Thu 5 May 2016,2074
Fri 6 May 2016,1820
Sat 7 May 2016,1143
Sun 8 May 2016,277
Mon 9 May 2016,1586
Tue 10 May 2016,1520
Wed 11 May 2016,1973
Thu 12 May 2016,1907
Fri 13 May 2016,1820
Sat 14 May 2016,1060
Sun 15 May 2016,855
Mon 16 May 2016,2061
Tue 17 May 2016,2061
Wed 18 May 2016,2067
Thu 19 May 2016,1645
Fri 20 May 2016,1681
Sat 21 May 2016,857
Sun 22 May 2016,766
Mon 23 May 2016,1706
Tue 24 May 2016,2020
Wed 25 May 2016,1462
Thu 26 May 2016,864
Fri 27 May 2016,1487
Sat 28 May 2016,458
Sun 29 May 2016,653
Mon 30 May 2016,1891
Tue 31 May 2016,1878
Wed 1 Jun 2016,1813
Thu 2 Jun 2016,1699
Fri 3 Jun 2016,1466
Sat 4 Jun 2016,275
Sun 5 Jun 2016,300
Mon 6 Jun 2016,1532
Tue 7 Jun 2016,1429
Wed 8 Jun 2016,1351
Thu 9 Jun 2016,1340
Fri 10 Jun 2016,1137
Sat 11 Jun 2016,411
Sun 12 Jun 2016,487
Mon 13 Jun 2016,547
Tue 14 Jun 2016,1509
Wed 15 Jun 2016,1580
Thu 16 Jun 2016,1300
Fri 17 Jun 2016,949
Sat 18 Jun 2016,348
Sun 19 Jun 2016,658
Mon 20 Jun 2016,737
Tue 21 Jun 2016,1242
Wed 22 Jun 2016,1436
Thu 23 Jun 2016,1009
Fri 24 Jun 2016,669
Sat 25 Jun 2016,462
Sun 26 Jun 2016,555
Mon 27 Jun 2016,959
Tue 28 Jun 2016,1342
Wed 29 Jun 2016,1279
Thu 30 Jun 2016,747
Fri 1 Jul 2016,810
Sat 2 Jul 2016,501
Sun 3 Jul 2016,588
Mon 4 Jul 2016,1090
Tue 5 Jul 2016,817
Wed 6 Jul 2016,770
Thu 7 Jul 2016,771
Fri 8 Jul 2016,911
Sat 9 Jul 2016,662
Sun 10 Jul 2016,365
Mon 11 Jul 2016,1196
Tue 12 Jul 2016,931
Wed 13 Jul 2016,1005
Thu 14 Jul 2016,1195
Fri 15 Jul 2016,1037
Sat 16 Jul 2016,604
Sun 17 Jul 2016,636
Mon 18 Jul 2016,1212
Tue 19 Jul 2016,1395
Wed 20 Jul 2016,1412
Thu 21 Jul 2016,926
Fri 22 Jul 2016,640
Sat 23 Jul 2016,444
Sun 24 Jul 2016,451
Mon 25 Jul 2016,1106
Tue 26 Jul 2016,1143
Wed 27 Jul 2016,1184
Thu 28 Jul 2016,1273
Fri 29 Jul 2016,1027
Sat 30 Jul 2016,534
Sun 31 Jul 2016,655
Mon 1 Aug 2016,640
Tue 2 Aug 2016,1174
Wed 3 Aug 2016,1080
Thu 4 Aug 2016,1125
Fri 5 Aug 2016,895
Sat 6 Aug 2016,464
Sun 7 Aug 2016,472
Mon 8 Aug 2016,1053
Tue 9 Aug 2016,863
Wed 10 Aug 2016,858
Thu 11 Aug 2016,929
Fri 12 Aug 2016,1052
Sat 13 Aug 2016,669
Sun 14 Aug 2016,683
Mon 15 Aug 2016,1534
Tue 16 Aug 2016,1600
Wed 17 Aug 2016,1293
Thu 18 Aug 2016,1437
Fri 19 Aug 2016,695
Sat 20 Aug 2016,507
Sun 21 Aug 2016,312
Mon 22 Aug 2016,1072
Tue 23 Aug 2016,1474
Wed 24 Aug 2016,1458
Thu 25 Aug 2016,1085
Fri 26 Aug 2016,1121
Sat 27 Aug 2016,666
Sun 28 Aug 2016,650
Mon 29 Aug 2016,1610
Tue 30 Aug 2016,1274
Wed 31 Aug 2016,1380
Thu 1 Sep 2016,1390
Fri 2 Sep 2016,1124
Sat 3 Sep 2016,725
Sun 4 Sep 2016,621
Mon 5 Sep 2016,1721
Tue 6 Sep 2016,1780
Wed 7 Sep 2016,1821
Thu 8 Sep 2016,1596
Fri 9 Sep 2016,744
Sat 10 Sep 2016,448
Sun 11 Sep 2016,639
Mon 12 Sep 2016,1039
Tue 13 Sep 2016,768
Wed 14 Sep 2016,784
Thu 15 Sep 2016,1134
Fri 16 Sep 2016,1165
Sat 17 Sep 2016,754
Sun 18 Sep 2016,369
Mon 19 Sep 2016,1533
Tue 20 Sep 2016,1745
Wed 21 Sep 2016,901
Thu 22 Sep 2016,1187
Fri 23 Sep 2016,1281
Sat 24 Sep 2016,695
Sun 25 Sep 2016,582
Mon 26 Sep 2016,1144
Tue 27 Sep 2016,1342
Wed 28 Sep 2016,1355
Thu 29 Sep 2016,778
Fri 30 Sep 2016,560
Sat 1 Oct 2016,465
Sun 2 Oct 2016,469
Mon 3 Oct 2016,1203
Tue 4 Oct 2016,920
Wed 5 Oct 2016,1446
Thu 6 Oct 2016,1801
Fri 7 Oct 2016,1389
Sat 8 Oct 2016,990
Sun 9 Oct 2016,454
Mon 10 Oct 2016,1394
Tue 11 Oct 2016,1521
Wed 12 Oct 2016,1483
Thu 13 Oct 2016,1749
Fri 14 Oct 2016,1591
Sat 15 Oct 2016,767
Sun 16 Oct 2016,494
Mon 17 Oct 2016,1578
Tue 18 Oct 2016,1053
Wed 19 Oct 2016,1835
Thu 20 Oct 2016,1693
Fri 21 Oct 2016,715
Sat 22 Oct 2016,242
Sun 23 Oct 2016,331
Mon 24 Oct 2016,1603
Tue 25 Oct 2016,1840
Wed 26 Oct 2016,1526
Thu 27 Oct 2016,1595
Fri 28 Oct 2016,1539
Sat 29 Oct 2016,895
Sun 30 Oct 2016,503
Mon 31 Oct 2016,1154
Tue 1 Nov 2016,696
Wed 2 Nov 2016,1796
Thu 3 Nov 2016,2081
Fri 4 Nov 2016,1649
Sat 5 Nov 2016,591
Sun 6 Nov 2016,862
Mon 7 Nov 2016,1497
Tue 8 Nov 2016,1924
Wed 9 Nov 2016,1864
Thu 10 Nov 2016,1751
Fri 11 Nov 2016,1627
Sat 12 Nov 2016,634
Sun 13 Nov 2016,404
Mon 14 Nov 2016,894
Tue 15 Nov 2016,1849
Wed 16 Nov 2016,1927
Thu 17 Nov 2016,1910
Fri 18 Nov 2016,1626
Sat 19 Nov 2016,1012
Sun 20 Nov 2016,831
Mon 21 Nov 2016,1409
Tue 22 Nov 2016,825
Wed 23 Nov 2016,1188
Thu 24 Nov 2016,1446
Fri 25 Nov 2016,1435
Sat 26 Nov 2016,766
Sun 27 Nov 2016,605
Mon 28 Nov 2016,1936
Tue 29 Nov 2016,2171
Wed 30 Nov 2016,1868
Thu 1 Dec 2016,1892
Fri 2 Dec 2016,1576
Sat 3 Dec 2016,998
Sun 4 Dec 2016,654
Mon 5 Dec 2016,1672
Tue 6 Dec 2016,2088
Wed 7 Dec 2016,2109
Thu 8 Dec 2016,928
Fri 9 Dec 2016,1066
Sat 10 Dec 2016,809
Sun 11 Dec 2016,852
Mon 12 Dec 2016,1902
Tue 13 Dec 2016,1715
Wed 14 Dec 2016,1797
Thu 15 Dec 2016,1801
Fri 16 Dec 2016,1471
Sat 17 Dec 2016,838
Sun 18 Dec 2016,863
Mon 19 Dec 2016,1767
Tue 20 Dec 2016,1222
Wed 21 Dec 2016,1566
Thu 22 Dec 2016,1481
Fri 23 Dec 2016,1109
Sat 24 Dec 2016,444
Sun 25 Dec 2016,178
Mon 26 Dec 2016,301
Tue 27 Dec 2016,436
Wed 28 Dec 2016,614
Thu 29 Dec 2016,458
Fri 30 Dec 2016,692
Sat 31 Dec 2016,682
Sun 1 Jan 2017,379
Mon 2 Jan 2017,368
Tue 3 Jan 2017,1266
Wed 4 Jan 2017,1390
Thu 5 Jan 2017,1201
Fri 6 Jan 2017,1090
Sat 7 Jan 2017,434
Sun 8 Jan 2017,567
Mon 9 Jan 2017,1741
Tue 10 Jan 2017,1989
Wed 11 Jan 2017,1936
Thu 12 Jan 2017,1887
Fri 13 Jan 2017,845
Sat 14 Jan 2017,781
Sun 15 Jan 2017,898
Mon 16 Jan 2017,1909
Tue 17 Jan 2017,1596
Wed 18 Jan 2017,1660
Thu 19 Jan 2017,1921
Fri 20 Jan 2017,767
Sat 21 Jan 2017,933
Sun 22 Jan 2017,871
Mon 23 Jan 2017,1596
Tue 24 Jan 2017,1981
Wed 25 Jan 2017,1948
Thu 26 Jan 2017,1032
Fri 27 Jan 2017,1473
Sat 28 Jan 2017,925
Sun 29 Jan 2017,991
Mon 30 Jan 2017,1740
Tue 31 Jan 2017,2146
Wed 1 Feb 2017,2187
Thu 2 Feb 2017,2171
Fri 3 Feb 2017,2066
Sat 4 Feb 2017,956
Sun 5 Feb 2017,698
Mon 6 Feb 2017,1237
Tue 7 Feb 2017,2477
Wed 8 Feb 2017,2049
Thu 9 Feb 2017,1581
Fri 10 Feb 2017,1923
Sat 11 Feb 2017,1092
Sun 12 Feb 2017,649
Mon 13 Feb 2017,2021
Tue 14 Feb 2017,1859
Wed 15 Feb 2017,2161
Thu 16 Feb 2017,2116
Fri 17 Feb 2017,2021
Sat 18 Feb 2017,859
Sun 19 Feb 2017,548
Mon 20 Feb 2017,1793
Tue 21 Feb 2017,2392
Wed 22 Feb 2017,2124
Thu 23 Feb 2017,2188
Fri 24 Feb 2017,1497
Sat 25 Feb 2017,1010
Sun 26 Feb 2017,1049
Mon 27 Feb 2017,2165
Tue 28 Feb 2017,2320
Wed 1 Mar 2017,2250
Thu 2 Mar 2017,2350
Fri 3 Mar 2017,1878
Sat 4 Mar 2017,1130
Sun 5 Mar 2017,957
Mon 6 Mar 2017,2325
Tue 7 Mar 2017,2404
Wed 8 Mar 2017,2351
Thu 9 Mar 2017,2265
Fri 10 Mar 2017,1842
Sat 11 Mar 2017,834
Sun 12 Mar 2017,653
Mon 13 Mar 2017,1008
Tue 14 Mar 2017,2289
Wed 15 Mar 2017,2266
Thu 16 Mar 2017,1510
Fri 17 Mar 2017,2009
Sat 18 Mar 2017,1036
Sun 19 Mar 2017,1028
Mon 20 Mar 2017,1656
Tue 21 Mar 2017,1359
Wed 22 Mar 2017,1795
Thu 23 Mar 2017,2213
Fri 24 Mar 2017,1963
Sat 25 Mar 2017,972
Sun 26 Mar 2017,963
Mon 27 Mar 2017,1978
Tue 28 Mar 2017,2509
Wed 29 Mar 2017,2194
Thu 30 Mar 2017,1898
Fri 31 Mar 2017,1616
Sat 1 Apr 2017,883
Sun 2 Apr 2017,842
Mon 3 Apr 2017,2192
Tue 4 Apr 2017,2284
Wed 5 Apr 2017,2194
Thu 6 Apr 2017,2170
Fri 7 Apr 2017,1849
Sat 8 Apr 2017,809
Sun 9 Apr 2017,225
Mon 10 Apr 2017,729
Tue 11 Apr 2017,1710
Wed 12 Apr 2017,1953
Thu 13 Apr 2017,1770
Fri 14 Apr 2017,625
Sat 15 Apr 2017,639
Sun 16 Apr 2017,542
Mon 17 Apr 2017,694
Tue 18 Apr 2017,1890
Wed 19 Apr 2017,2112
Thu 20 Apr 2017,2086
Fri 21 Apr 2017,825
Sat 22 Apr 2017,791
Sun 23 Apr 2017,899
Mon 24 Apr 2017,1283
Tue 25 Apr 2017,416
Wed 26 Apr 2017,798
Thu 27 Apr 2017,974
Fri 28 Apr 2017,1536
Sat 29 Apr 2017,748
Sun 30 Apr 2017,822
Mon 1 May 2017,1857
Tue 2 May 2017,1864
Wed 3 May 2017,1898
Thu 4 May 2017,1975
Fri 5 May 2017,1720
Sat 6 May 2017,692
Sun 7 May 2017,676
Mon 8 May 2017,1259
Tue 9 May 2017,1703
Wed 10 May 2017,1956
Thu 11 May 2017,1930
Fri 12 May 2017,1641
Sat 13 May 2017,892
Sun 14 May 2017,643
Mon 15 May 2017,1863
Tue 16 May 2017,1902
Wed 17 May 2017,1534
Thu 18 May 2017,1807
Fri 19 May 2017,1348
Sat 20 May 2017,876
Sun 21 May 2017,786
Mon 22 May 2017,2012
Tue 23 May 2017,1929
Wed 24 May 2017,1981
Thu 25 May 2017,1808
Fri 26 May 2017,1660
Sat 27 May 2017,850
Sun 28 May 2017,497
Mon 29 May 2017,1857
Tue 30 May 2017,1130
Wed 31 May 2017,1530
Thu 1 Jun 2017,1791
Fri 2 Jun 2017,1659
Sat 3 Jun 2017,848
Sun 4 Jun 2017,822
Mon 5 Jun 2017,1668
Tue 6 Jun 2017,1227
Wed 7 Jun 2017,1903
Thu 8 Jun 2017,1576
Fri 9 Jun 2017,1265
Sat 10 Jun 2017,709
Sun 11 Jun 2017,659
Mon 12 Jun 2017,581
Tue 13 Jun 2017,1758
Wed 14 Jun 2017,1822
Thu 15 Jun 2017,1851
Fri 16 Jun 2017,1591
Sat 17 Jun 2017,872
Sun 18 Jun 2017,783
Mon 19 Jun 2017,1779
Tue 20 Jun 2017,1862
Wed 21 Jun 2017,1425
Thu 22 Jun 2017,1596
Fri 23 Jun 2017,1304
Sat 24 Jun 2017,656
Sun 25 Jun 2017,697
Mon 26 Jun 2017,1522
Tue 27 Jun 2017,1655
Wed 28 Jun 2017,1557
Thu 29 Jun 2017,1231
Fri 30 Jun 2017,1107
Sat 1 Jul 2017,719
Sun 2 Jul 2017,594
Mon 3 Jul 2017,1165
Tue 4 Jul 2017,1317
Wed 5 Jul 2017,1309
Thu 6 Jul 2017,1382
Fri 7 Jul 2017,1192
Sat 8 Jul 2017,527
Sun 9 Jul 2017,516
Mon 10 Jul 2017,1280
Tue 11 Jul 2017,1411
Wed 12 Jul 2017,1329
Thu 13 Jul 2017,1170
Fri 14 Jul 2017,814
Sat 15 Jul 2017,639
Sun 16 Jul 2017,532
Mon 17 Jul 2017,1222
Tue 18 Jul 2017,1379
Wed 19 Jul 2017,837
Thu 20 Jul 2017,1106
Fri 21 Jul 2017,1213
Sat 22 Jul 2017,490
Sun 23 Jul 2017,454
Mon 24 Jul 2017,1562
Tue 25 Jul 2017,1459
Wed 26 Jul 2017,1510
Thu 27 Jul 2017,1447
Fri 28 Jul 2017,1245
Sat 29 Jul 2017,449
Sun 30 Jul 2017,711
Mon 31 Jul 2017,1752
Tue 1 Aug 2017,1674
Wed 2 Aug 2017,1629
Thu 3 Aug 2017,1037
Fri 4 Aug 2017,1124
Sat 5 Aug 2017,587
Sun 6 Aug 2017,388
Mon 7 Aug 2017,1195
Tue 8 Aug 2017,1553
Wed 9 Aug 2017,1718
Thu 10 Aug 2017,1444
Fri 11 Aug 2017,1302
Sat 12 Aug 2017,525
Sun 13 Aug 2017,721
Mon 14 Aug 2017,1721
Tue 15 Aug 2017,1077
Wed 16 Aug 2017,1488
Thu 17 Aug 2017,998
Fri 18 Aug 2017,865
Sat 19 Aug 2017,460
Sun 20 Aug 2017,714
Mon 21 Aug 2017,1128
Tue 22 Aug 2017,1723
Wed 23 Aug 2017,1302
Thu 24 Aug 2017,1425
Fri 25 Aug 2017,1308
Sat 26 Aug 2017,676
Sun 27 Aug 2017,356
Mon 28 Aug 2017,1393
Tue 29 Aug 2017,1621
Wed 30 Aug 2017,1433
Thu 31 Aug 2017,1620
Fri 1 Sep 2017,1375
Sat 2 Sep 2017,522
Sun 3 Sep 2017,383
Mon 4 Sep 2017,1382
Tue 5 Sep 2017,1136
Wed 6 Sep 2017,1221
Thu 7 Sep 2017,1241
Fri 8 Sep 2017,1109
Sat 9 Sep 2017,676
Sun 10 Sep 2017,776
Mon 11 Sep 2017,1508
Tue 12 Sep 2017,1393
Wed 13 Sep 2017,1446
Thu 14 Sep 2017,1452
Fri 15 Sep 2017,1082
Sat 16 Sep 2017,547
Sun 17 Sep 2017,785
Mon 18 Sep 2017,1440
Tue 19 Sep 2017,1714
Wed 20 Sep 2017,1923
Thu 21 Sep 2017,1576
Fri 22 Sep 2017,1682
Sat 23 Sep 2017,830
Sun 24 Sep 2017,550
Mon 25 Sep 2017,935
Tue 26 Sep 2017,1738
Wed 27 Sep 2017,1747
Thu 28 Sep 2017,1405
Fri 29 Sep 2017,811
Sat 30 Sep 2017,600
Sun 1 Oct 2017,619
Mon 2 Oct 2017,1588
Tue 3 Oct 2017,1885
Wed 4 Oct 2017,1950
Thu 5 Oct 2017,1560
Fri 6 Oct 2017,1218
Sat 7 Oct 2017,921
Sun 8 Oct 2017,780
Mon 9 Oct 2017,1464
Tue 10 Oct 2017,2231
Wed 11 Oct 2017,1737
Thu 12 Oct 2017,1856
Fri 13 Oct 2017,1585
Sat 14 Oct 2017,957
Sun 15 Oct 2017,1112
Mon 16 Oct 2017,2120
Tue 17 Oct 2017,2315
Wed 18 Oct 2017,2438
Thu 19 Oct 2017,1502
Fri 20 Oct 2017,1683
Sat 21 Oct 2017,780
Sun 22 Oct 2017,682
Mon 23 Oct 2017,2090
Tue 24 Oct 2017,2165
Wed 25 Oct 2017,1688
Thu 26 Oct 2017,1827
Fri 27 Oct 2017,1842
Sat 28 Oct 2017,940
Sun 29 Oct 2017,935
Mon 30 Oct 2017,1544
Tue 31 Oct 2017,1942
Wed 1 Nov 2017,1905
Thu 2 Nov 2017,1626
Fri 3 Nov 2017,1464
Sat 4 Nov 2017,695
Sun 5 Nov 2017,834
Mon 6 Nov 2017,1280
Tue 7 Nov 2017,623
Wed 8 Nov 2017,2091
Thu 9 Nov 2017,2103
Fri 10 Nov 2017,1874
Sat 11 Nov 2017,1025
Sun 12 Nov 2017,1066
Mon 13 Nov 2017,2207
Tue 14 Nov 2017,2052
Wed 15 Nov 2017,1659
Thu 16 Nov 2017,1185
Fri 17 Nov 2017,1608
Sat 18 Nov 2017,746
Sun 19 Nov 2017,918
Mon 20 Nov 2017,2176
Tue 21 Nov 2017,2192
Wed 22 Nov 2017,2049
Thu 23 Nov 2017,1898
Fri 24 Nov 2017,1609
Sat 25 Nov 2017,799
Sun 26 Nov 2017,584
Mon 27 Nov 2017,1648
Tue 28 Nov 2017,2450
Wed 29 Nov 2017,2033
Thu 30 Nov 2017,1741
Fri 1 Dec 2017,544
Sat 2 Dec 2017,178
Sun 3 Dec 2017,233
Mon 4 Dec 2017,1081
Tue 5 Dec 2017,2094
Wed 6 Dec 2017,2135
Thu 7 Dec 2017,1638
Fri 8 Dec 2017,1455
Sat 9 Dec 2017,894
Sun 10 Dec 2017,918
Mon 11 Dec 2017,2125
Tue 12 Dec 2017,2368
Wed 13 Dec 2017,1785
Thu 14 Dec 2017,1931
Fri 15 Dec 2017,1816
Sat 16 Dec 2017,963
Sun 17 Dec 2017,1022
Mon 18 Dec 2017,1942
Tue 19 Dec 2017,1466
Wed 20 Dec 2017,1952
Thu 21 Dec 2017,1797
Fri 22 Dec 2017,1430
Sat 23 Dec 2017,730
Sun 24 Dec 2017,525
Mon 25 Dec 2017,251
Tue 26 Dec 2017,557
Wed 27 Dec 2017,677
Thu 28 Dec 2017,746
Fri 29 Dec 2017,583
Sat 30 Dec 2017,623
Sun 31 Dec 2017,777
Mon 1 Jan 2018,649
Tue 2 Jan 2018,1275
Wed 3 Jan 2018,1358
Thu 4 Jan 2018,1589
Fri 5 Jan 2018,1446
Sat 6 Jan 2018,420
Sun 7 Jan 2018,826
Mon 8 Jan 2018,1840
Tue 9 Jan 2018,2105
Wed 10 Jan 2018,2188
Thu 11 Jan 2018,1818
Fri 12 Jan 2018,1071
Sat 13 Jan 2018,556
Sun 14 Jan 2018,796
Mon 15 Jan 2018,1905
Tue 16 Jan 2018,2284
Wed 17 Jan 2018,2140
Thu 18 Jan 2018,1535
Fri 19 Jan 2018,1078
Sat 20 Jan 2018,967
Sun 21 Jan 2018,898
Mon 22 Jan 2018,2151
Tue 23 Jan 2018,2375
Wed 24 Jan 2018,2303
Thu 25 Jan 2018,1899
Fri 26 Jan 2018,806
Sat 27 Jan 2018,647
Sun 28 Jan 2018,450
Mon 29 Jan 2018,1345
Tue 30 Jan 2018,1668
Wed 31 Jan 2018,2059
Thu 1 Feb 2018,2360
Fri 2 Feb 2018,2236
Sat 3 Feb 2018,1210
Sun 4 Feb 2018,1084
Mon 5 Feb 2018,2461
Tue 6 Feb 2018,2571
Wed 7 Feb 2018,2083
Thu 8 Feb 2018,2329
Fri 9 Feb 2018,1953
Sat 10 Feb 2018,938
Sun 11 Feb 2018,943
Mon 12 Feb 2018,2522
Tue 13 Feb 2018,2669
Wed 14 Feb 2018,2247
Thu 15 Feb 2018,2518
Fri 16 Feb 2018,2230
Sat 17 Feb 2018,1288
Sun 18 Feb 2018,1069
Mon 19 Feb 2018,2366
Tue 20 Feb 2018,2708
Wed 21 Feb 2018,2481
Thu 22 Feb 2018,2466
Fri 23 Feb 2018,2002
Sat 24 Feb 2018,769
Sun 25 Feb 2018,856
Mon 26 Feb 2018,2679
Tue 27 Feb 2018,2701
Wed 28 Feb 2018,2305
Thu 1 Mar 2018,1830
Fri 2 Mar 2018,2136
Sat 3 Mar 2018,1143
Sun 4 Mar 2018,1030
Mon 5 Mar 2018,2443
Tue 6 Mar 2018,2674
Wed 7 Mar 2018,2674
Thu 8 Mar 2018,2508
Fri 9 Mar 2018,2041
Sat 10 Mar 2018,809
Sun 11 Mar 2018,800
Mon 12 Mar 2018,896
Tue 13 Mar 2018,1836
Wed 14 Mar 2018,2443
Thu 15 Mar 2018,2419
Fri 16 Mar 2018,2160
Sat 17 Mar 2018,1066
Sun 18 Mar 2018,672
Mon 19 Mar 2018,2585
Tue 20 Mar 2018,2293
Wed 21 Mar 2018,2488
Thu 22 Mar 2018,2536
Fri 23 Mar 2018,2166
Sat 24 Mar 2018,595
Sun 25 Mar 2018,786
Mon 26 Mar 2018,2089
Tue 27 Mar 2018,2422
Wed 28 Mar 2018,2352
Thu 29 Mar 2018,2070
Fri 30 Mar 2018,774
Sat 31 Mar 2018,756
Sun 1 Apr 2018,622
Mon 2 Apr 2018,791
Tue 3 Apr 2018,2032
Wed 4 Apr 2018,2312
Thu 5 Apr 2018,2327
Fri 6 Apr 2018,1905
Sat 7 Apr 2018,1174
Sun 8 Apr 2018,976
Mon 9 Apr 2018,2443
Tue 10 Apr 2018,2328
Wed 11 Apr 2018,2364
Thu 12 Apr 2018,2307
Fri 13 Apr 2018,2002
Sat 14 Apr 2018,475
Sun 15 Apr 2018,448
Mon 16 Apr 2018,2020
Tue 17 Apr 2018,2479
Wed 18 Apr 2018,2417
Thu 19 Apr 2018,2441
Fri 20 Apr 2018,2133
Sat 21 Apr 2018,1093
Sun 22 Apr 2018,1018
Mon 23 Apr 2018,2600
Tue 24 Apr 2018,2355
Wed 25 Apr 2018,1094
Thu 26 Apr 2018,2390
Fri 27 Apr 2018,2077
Sat 28 Apr 2018,1007
Sun 29 Apr 2018,930
Mon 30 Apr 2018,2451
Tue 1 May 2018,2542
Wed 2 May 2018,2472
Thu 3 May 2018,2187
Fri 4 May 2018,1274
Sat 5 May 2018,981
Sun 6 May 2018,1042
Mon 7 May 2018,2335
Tue 8 May 2018,2500
Wed 9 May 2018,2231
Thu 10 May 2018,1460
Fri 11 May 2018,569
Sat 12 May 2018,684
Sun 13 May 2018,642
Mon 14 May 2018,2149
Tue 15 May 2018,2051
Wed 16 May 2018,2101
Thu 17 May 2018,1951
Fri 18 May 2018,1450
Sat 19 May 2018,837
Sun 20 May 2018,481
Mon 21 May 2018,1845
Tue 22 May 2018,2025
Wed 23 May 2018,1951
Thu 24 May 2018,2216
Fri 25 May 2018,1835
Sat 26 May 2018,1025
Sun 27 May 2018,830
Mon 28 May 2018,2179
Tue 29 May 2018,1894
Wed 30 May 2018,1901
Thu 31 May 2018,1738
Fri 1 Jun 2018,1747
Sat 2 Jun 2018,805
Sun 3 Jun 2018,710
Mon 4 Jun 2018,2043
Tue 5 Jun 2018,2158
Wed 6 Jun 2018,2116
Thu 7 Jun 2018,1886
Fri 8 Jun 2018,1037
Sat 9 Jun 2018,686
Sun 10 Jun 2018,719
Mon 11 Jun 2018,750
Tue 12 Jun 2018,1706
Wed 13 Jun 2018,1721
Thu 14 Jun 2018,1608
Fri 15 Jun 2018,1220
Sat 16 Jun 2018,628
Sun 17 Jun 2018,142
Mon 18 Jun 2018,1621
Tue 19 Jun 2018,1833
Wed 20 Jun 2018,1750
Thu 21 Jun 2018,1832
Fri 22 Jun 2018,1478
Sat 23 Jun 2018,579
Sun 24 Jun 2018,616
Mon 25 Jun 2018,1839
Tue 26 Jun 2018,1910
Wed 27 Jun 2018,1714
Thu 28 Jun 2018,1693
Fri 29 Jun 2018,1438
Sat 30 Jun 2018,506
Sun 1 Jul 2018,645
Mon 2 Jul 2018,1609
Tue 3 Jul 2018,1605
Wed 4 Jul 2018,1403
Thu 5 Jul 2018,1243
Fri 6 Jul 2018,1015
Sat 7 Jul 2018,347
Sun 8 Jul 2018,430
Mon 9 Jul 2018,1489
Tue 10 Jul 2018,1674
Wed 11 Jul 2018,1528
Thu 12 Jul 2018,1547
Fri 13 Jul 2018,1258
Sat 14 Jul 2018,876
Sun 15 Jul 2018,546
Mon 16 Jul 2018,1572
Tue 17 Jul 2018,1438
Wed 18 Jul 2018,1730
Thu 19 Jul 2018,1333
Fri 20 Jul 2018,1145
Sat 21 Jul 2018,665
Sun 22 Jul 2018,649
Mon 23 Jul 2018,1339
Tue 24 Jul 2018,1526
Wed 25 Jul 2018,1683
Thu 26 Jul 2018,1722
Fri 27 Jul 2018,1498
Sat 28 Jul 2018,834
Sun 29 Jul 2018,413
Mon 30 Jul 2018,1772
Tue 31 Jul 2018,1581
Wed 1 Aug 2018,1824
Thu 2 Aug 2018,1776
Fri 3 Aug 2018,1121
Sat 4 Aug 2018,721
Sun 5 Aug 2018,567
Mon 6 Aug 2018,1690
Tue 7 Aug 2018,1792
Wed 8 Aug 2018,1530
Thu 9 Aug 2018,1716
Fri 10 Aug 2018,1332
Sat 11 Aug 2018,379
Sun 12 Aug 2018,686
Mon 13 Aug 2018,1681
Tue 14 Aug 2018,1866
Wed 15 Aug 2018,1718
Thu 16 Aug 2018,1832
Fri 17 Aug 2018,1532
Sat 18 Aug 2018,438
Sun 19 Aug 2018,190
Mon 20 Aug 2018,1583
Tue 21 Aug 2018,1651
Wed 22 Aug 2018,1828
Thu 23 Aug 2018,1883
Fri 24 Aug 2018,1546
Sat 25 Aug 2018,857
Sun 26 Aug 2018,696
Mon 27 Aug 2018,1675
Tue 28 Aug 2018,1727
Wed 29 Aug 2018,1813
Thu 30 Aug 2018,1454
Fri 31 Aug 2018,1063
Sat 1 Sep 2018,459
Sun 2 Sep 2018,491
Mon 3 Sep 2018,1918
Tue 4 Sep 2018,2079
Wed 5 Sep 2018,2247
Thu 6 Sep 2018,1525
Fri 7 Sep 2018,1619
Sat 8 Sep 2018,878
Sun 9 Sep 2018,643
Mon 10 Sep 2018,2099
Tue 11 Sep 2018,2279
Wed 12 Sep 2018,2261
Thu 13 Sep 2018,2206
Fri 14 Sep 2018,1857
Sat 15 Sep 2018,388
Sun 16 Sep 2018,674
Mon 17 Sep 2018,2122
Tue 18 Sep 2018,1860
Wed 19 Sep 2018,1822
Thu 20 Sep 2018,1986
Fri 21 Sep 2018,1590
Sat 22 Sep 2018,901
Sun 23 Sep 2018,491
Mon 24 Sep 2018,1795
Tue 25 Sep 2018,1789
Wed 26 Sep 2018,1913
Thu 27 Sep 2018,1666
Fri 28 Sep 2018,412
Sat 29 Sep 2018,590
Sun 30 Sep 2018,653
Mon 1 Oct 2018,2033
Tue 2 Oct 2018,2089
Wed 3 Oct 2018,1991
Thu 4 Oct 2018,1921
Fri 5 Oct 2018,1848
Sat 6 Oct 2018,1152
Sun 7 Oct 2018,1063
Mon 8 Oct 2018,2446
Tue 9 Oct 2018,1621
Wed 10 Oct 2018,2132
Thu 11 Oct 2018,2203
Fri 12 Oct 2018,2026
Sat 13 Oct 2018,1227
Sun 14 Oct 2018,996
Mon 15 Oct 2018,2360
Tue 16 Oct 2018,1615
Wed 17 Oct 2018,1977
Thu 18 Oct 2018,1622
Fri 19 Oct 2018,2050
Sat 20 Oct 2018,427
Sun 21 Oct 2018,931
Mon 22 Oct 2018,2396
Tue 23 Oct 2018,2161
Wed 24 Oct 2018,2236
Thu 25 Oct 2018,2279
Fri 26 Oct 2018,1948
Sat 27 Oct 2018,898
Sun 28 Oct 2018,953
Mon 29 Oct 2018,2319
Tue 30 Oct 2018,2518
Wed 31 Oct 2018,2381
Thu 1 Nov 2018,2188
Fri 2 Nov 2018,1313
Sat 3 Nov 2018,813
Sun 4 Nov 2018,798
Mon 5 Nov 2018,1111
Tue 6 Nov 2018,326
Wed 7 Nov 2018,1852
Thu 8 Nov 2018,2105
Fri 9 Nov 2018,1682
Sat 10 Nov 2018,1069
Sun 11 Nov 2018,1058
Mon 12 Nov 2018,2346
Tue 13 Nov 2018,2235
Wed 14 Nov 2018,1545
Thu 15 Nov 2018,2148
Fri 16 Nov 2018,1842
Sat 17 Nov 2018,971
Sun 18 Nov 2018,1011
Mon 19 Nov 2018,2225
Tue 20 Nov 2018,1656
Wed 21 Nov 2018,1954
Thu 22 Nov 2018,1603
Fri 23 Nov 2018,895
Sat 24 Nov 2018,444
Sun 25 Nov 2018,558
Mon 26 Nov 2018,1218
Tue 27 Nov 2018,1872
Wed 28 Nov 2018,1919
Thu 29 Nov 2018,1629
Fri 30 Nov 2018,1862
Sat 1 Dec 2018,944
Sun 2 Dec 2018,667
Mon 3 Dec 2018,2147
Tue 4 Dec 2018,2315
Wed 5 Dec 2018,2490
Thu 6 Dec 2018,1983
Fri 7 Dec 2018,1193
Sat 8 Dec 2018,736
Sun 9 Dec 2018,605
Mon 10 Dec 2018,2188
Tue 11 Dec 2018,2499
Wed 12 Dec 2018,1968
Thu 13 Dec 2018,654
Fri 14 Dec 2018,828
Sat 15 Dec 2018,668
Sun 16 Dec 2018,582
Mon 17 Dec 2018,2074
Tue 18 Dec 2018,2237
Wed 19 Dec 2018,2018
Thu 20 Dec 2018,1761
Fri 21 Dec 2018,994
Sat 22 Dec 2018,764
Sun 23 Dec 2018,798
Mon 24 Dec 2018,755
Tue 25 Dec 2018,300
Wed 26 Dec 2018,516
Thu 27 Dec 2018,628
Fri 28 Dec 2018,637
Sat 29 Dec 2018,543
Sun 30 Dec 2018,461
Mon 31 Dec 2018,913
Tue 1 Jan 2019,603
Wed 2 Jan 2019,1294
Thu 3 Jan 2019,1470
Fri 4 Jan 2019,811
Sat 5 Jan 2019,642
Sun 6 Jan 2019,946
Mon 7 Jan 2019,2085
Tue 8 Jan 2019,2135
Wed 9 Jan 2019,2104
Thu 10 Jan 2019,2105
Fri 11 Jan 2019,1671
Sat 12 Jan 2019,971
Sun 13 Jan 2019,864
Mon 14 Jan 2019,1773
Tue 15 Jan 2019,1864
Wed 16 Jan 2019,2148
Thu 17 Jan 2019,1795
Fri 18 Jan 2019,1594
Sat 19 Jan 2019,1056
Sun 20 Jan 2019,994
Mon 21 Jan 2019,2179
Tue 22 Jan 2019,2199
Wed 23 Jan 2019,2251
Thu 24 Jan 2019,1550
Fri 25 Jan 2019,915
Sat 26 Jan 2019,889
Sun 27 Jan 2019,771
Mon 28 Jan 2019,867
Tue 29 Jan 2019,2078
Wed 30 Jan 2019,1837
Thu 31 Jan 2019,2212
Fri 1 Feb 2019,2133
Sat 2 Feb 2019,986
Sun 3 Feb 2019,599
Mon 4 Feb 2019,2432
Tue 5 Feb 2019,2554
Wed 6 Feb 2019,1914
Thu 7 Feb 2019,1965
Fri 8 Feb 2019,2149
Sat 9 Feb 2019,625
Sun 10 Feb 2019,1043
Mon 11 Feb 2019,2591
Tue 12 Feb 2019,2075
Wed 13 Feb 2019,2275
Thu 14 Feb 2019,2338
Fri 15 Feb 2019,2071
Sat 16 Feb 2019,1056
Sun 17 Feb 2019,947
Mon 18 Feb 2019,2364
Tue 19 Feb 2019,2536
Wed 20 Feb 2019,2413
Thu 21 Feb 2019,2547
Fri 22 Feb 2019,2159
Sat 23 Feb 2019,1265
Sun 24 Feb 2019,888
Mon 25 Feb 2019,2415
Tue 26 Feb 2019,2753
Wed 27 Feb 2019,2616
Thu 28 Feb 2019,2069
Fri 1 Mar 2019,1649
Sat 2 Mar 2019,758
Sun 3 Mar 2019,642
Mon 4 Mar 2019,2687
Tue 5 Mar 2019,2739
Wed 6 Mar 2019,2154
Thu 7 Mar 2019,2472
Fri 8 Mar 2019,2036
Sat 9 Mar 2019,866
Sun 10 Mar 2019,755
Mon 11 Mar 2019,1070
Tue 12 Mar 2019,2464
Wed 13 Mar 2019,2540
Thu 14 Mar 2019,2557
Fri 15 Mar 2019,2228
Sat 16 Mar 2019,1280
Sun 17 Mar 2019,1109
Mon 18 Mar 2019,2790
Tue 19 Mar 2019,2808
Wed 20 Mar 2019,2622
Thu 21 Mar 2019,2597
Fri 22 Mar 2019,2135
Sat 23 Mar 2019,867
Sun 24 Mar 2019,912
Mon 25 Mar 2019,2175
Tue 26 Mar 2019,2430
Wed 27 Mar 2019,2560
Thu 28 Mar 2019,2530
Fri 29 Mar 2019,1803
Sat 30 Mar 2019,418
Sun 31 Mar 2019,572
Mon 1 Apr 2019,2424
Tue 2 Apr 2019,2675
Wed 3 Apr 2019,2585
Thu 4 Apr 2019,2639
Fri 5 Apr 2019,2182
Sat 6 Apr 2019,997
Sun 7 Apr 2019,1014
Mon 8 Apr 2019,2285
Tue 9 Apr 2019,2243
Wed 10 Apr 2019,2114
Thu 11 Apr 2019,2391
Fri 12 Apr 2019,2011
Sat 13 Apr 2019,940
Sun 14 Apr 2019,943
Mon 15 Apr 2019,2291
Tue 16 Apr 2019,2297
Wed 17 Apr 2019,2087
Thu 18 Apr 2019,1744
Fri 19 Apr 2019,746
Sat 20 Apr 2019,674
Sun 21 Apr 2019,441
Mon 22 Apr 2019,565
Tue 23 Apr 2019,1902
Wed 24 Apr 2019,1895
Thu 25 Apr 2019,1041
Fri 26 Apr 2019,978
Sat 27 Apr 2019,727
Sun 28 Apr 2019,564
Mon 29 Apr 2019,2262
Tue 30 Apr 2019,2491
Wed 1 May 2019,1872
Thu 2 May 2019,1460
Fri 3 May 2019,2028
Sat 4 May 2019,673
Sun 5 May 2019,744
Mon 6 May 2019,2181
Tue 7 May 2019,2316
Wed 8 May 2019,1788
Thu 9 May 2019,1703
Fri 10 May 2019,996
Sat 11 May 2019,800
Sun 12 May 2019,591
Mon 13 May 2019,2280
Tue 14 May 2019,2304
Wed 15 May 2019,2311
Thu 16 May 2019,2259
Fri 17 May 2019,1928
Sat 18 May 2019,991
Sun 19 May 2019,845
Mon 20 May 2019,1831
Tue 21 May 2019,2329
Wed 22 May 2019,2269
Thu 23 May 2019,2178
Fri 24 May 2019,1296
Sat 25 May 2019,645
Sun 26 May 2019,583
Mon 27 May 2019,1480
Tue 28 May 2019,1681
Wed 29 May 2019,1288
Thu 30 May 2019,1351
Fri 31 May 2019,1051
Sat 1 Jun 2019,584
Sun 2 Jun 2019,503
Mon 3 Jun 2019,970
Tue 4 Jun 2019,1688
Wed 5 Jun 2019,1575
Thu 6 Jun 2019,1667
Fri 7 Jun 2019,1601
Sat 8 Jun 2019,725
Sun 9 Jun 2019,610
Mon 10 Jun 2019,546
Tue 11 Jun 2019,1932
Wed 12 Jun 2019,1217
Thu 13 Jun 2019,1877
Fri 14 Jun 2019,1503
Sat 15 Jun 2019,657
Sun 16 Jun 2019,617
Mon 17 Jun 2019,1939
Tue 18 Jun 2019,1461
Wed 19 Jun 2019,1599
Thu 20 Jun 2019,1029
Fri 21 Jun 2019,1047
Sat 22 Jun 2019,542
Sun 23 Jun 2019,498
Mon 24 Jun 2019,1747
Tue 25 Jun 2019,1715
Wed 26 Jun 2019,1654
Thu 27 Jun 2019,1636
Fri 28 Jun 2019,1476
Sat 29 Jun 2019,303
Sun 30 Jun 2019,663
Mon 1 Jul 2019,1653
Tue 2 Jul 2019,1559
Wed 3 Jul 2019,1669
Thu 4 Jul 2019,1553
Fri 5 Jul 2019,1362
Sat 6 Jul 2019,776
Sun 7 Jul 2019,543
Mon 8 Jul 2019,1657
Tue 9 Jul 2019,1726
Wed 10 Jul 2019,1434
Thu 11 Jul 2019,1226
Fri 12 Jul 2019,820
Sat 13 Jul 2019,377
Sun 14 Jul 2019,293
Mon 15 Jul 2019,1421
Tue 16 Jul 2019,1317
Wed 17 Jul 2019,1376
Thu 18 Jul 2019,1571
Fri 19 Jul 2019,1377
Sat 20 Jul 2019,680
Sun 21 Jul 2019,528
Mon 22 Jul 2019,1772
Tue 23 Jul 2019,1180
Wed 24 Jul 2019,1580
Thu 25 Jul 2019,1805
Fri 26 Jul 2019,1041
Sat 27 Jul 2019,668
Sun 28 Jul 2019,754
Mon 29 Jul 2019,1871
Tue 30 Jul 2019,1775
Wed 31 Jul 2019,1820
Thu 1 Aug 2019,1784
Fri 2 Aug 2019,1406
Sat 3 Aug 2019,614
Sun 4 Aug 2019,619
Mon 5 Aug 2019,1924
Tue 6 Aug 2019,1483
Wed 7 Aug 2019,1556
Thu 8 Aug 2019,1208
Fri 9 Aug 2019,614
Sat 10 Aug 2019,215
Sun 11 Aug 2019,229
Mon 12 Aug 2019,1467
Tue 13 Aug 2019,1588
Wed 14 Aug 2019,1714
Thu 15 Aug 2019,1615
Fri 16 Aug 2019,1032
Sat 17 Aug 2019,852
Sun 18 Aug 2019,459
Mon 19 Aug 2019,1561
Tue 20 Aug 2019,1811
Wed 21 Aug 2019,1455
Thu 22 Aug 2019,1516
Fri 23 Aug 2019,1436
Sat 24 Aug 2019,663
Sun 25 Aug 2019,539
Mon 26 Aug 2019,1865
Tue 27 Aug 2019,1933
Wed 28 Aug 2019,1395
Thu 29 Aug 2019,1629
Fri 30 Aug 2019,1525
Sat 31 Aug 2019,854
Sun 1 Sep 2019,496
Mon 2 Sep 2019,1866
Tue 3 Sep 2019,2144
Wed 4 Sep 2019,1809
Thu 5 Sep 2019,1716
Fri 6 Sep 2019,1117
Sat 7 Sep 2019,397
Sun 8 Sep 2019,412
Mon 9 Sep 2019,1069
Tue 10 Sep 2019,1879
Wed 11 Sep 2019,2048
Thu 12 Sep 2019,1579
Fri 13 Sep 2019,1746
Sat 14 Sep 2019,1043
Sun 15 Sep 2019,400
Mon 16 Sep 2019,1515
Tue 17 Sep 2019,1942
Wed 18 Sep 2019,2067
Thu 19 Sep 2019,1952
Fri 20 Sep 2019,1683
Sat 21 Sep 2019,537
Sun 22 Sep 2019,646
Mon 23 Sep 2019,1466
Tue 24 Sep 2019,1692
Wed 25 Sep 2019,1794
Thu 26 Sep 2019,1743
Fri 27 Sep 2019,523
Sat 28 Sep 2019,619
Sun 29 Sep 2019,629
Mon 30 Sep 2019,1682
Tue 1 Oct 2019,2063
Wed 2 Oct 2019,2036
Thu 3 Oct 2019,2070
Fri 4 Oct 2019,1257
Sat 5 Oct 2019,979
Sun 6 Oct 2019,797
Mon 7 Oct 2019,2073
Tue 8 Oct 2019,1565
Wed 9 Oct 2019,1566
Thu 10 Oct 2019,1895
Fri 11 Oct 2019,1777
Sat 12 Oct 2019,1052
Sun 13 Oct 2019,941
Mon 14 Oct 2019,2217
Tue 15 Oct 2019,2357
Wed 16 Oct 2019,1596
Thu 17 Oct 2019,1434
Fri 18 Oct 2019,1698
Sat 19 Oct 2019,609
Sun 20 Oct 2019,699
Mon 21 Oct 2019,2179
Tue 22 Oct 2019,2511
Wed 23 Oct 2019,2404
Thu 24 Oct 2019,2201
Fri 25 Oct 2019,1408
Sat 26 Oct 2019,489
Sun 27 Oct 2019,666
Mon 28 Oct 2019,2464
Tue 29 Oct 2019,2599
Wed 30 Oct 2019,2531
Thu 31 Oct 2019,2222
Fri 1 Nov 2019,1597
Sat 2 Nov 2019,234
Sun 3 Nov 2019,465
Mon 4 Nov 2019,1021
Tue 5 Nov 2019,1015
Wed 6 Nov 2019,2083
Thu 7 Nov 2019,1480
Fri 8 Nov 2019,1002
Sat 9 Nov 2019,542
Sun 10 Nov 2019,652
Mon 11 Nov 2019,2526
Tue 12 Nov 2019,1969
Wed 13 Nov 2019,2081
Thu 14 Nov 2019,2232
Fri 15 Nov 2019,1750
Sat 16 Nov 2019,921
Sun 17 Nov 2019,819
Mon 18 Nov 2019,2526
Tue 19 Nov 2019,2587
Wed 20 Nov 2019,2461
Thu 21 Nov 2019,1597
Fri 22 Nov 2019,1875
Sat 23 Nov 2019,927
Sun 24 Nov 2019,947
Mon 25 Nov 2019,2264
Tue 26 Nov 2019,1284
Wed 27 Nov 2019,2401
Thu 28 Nov 2019,2284
Fri 29 Nov 2019,1688
Sat 30 Nov 2019,808
Sun 1 Dec 2019,512
Mon 2 Dec 2019,1734
Tue 3 Dec 2019,2095
Wed 4 Dec 2019,2247
Thu 5 Dec 2019,2152
Fri 6 Dec 2019,1735
Sat 7 Dec 2019,981
Sun 8 Dec 2019,933
Mon 9 Dec 2019,1852
Tue 10 Dec 2019,2159
Wed 11 Dec 2019,2270
Thu 12 Dec 2019,2140
Fri 13 Dec 2019,1713
Sat 14 Dec 2019,868
Sun 15 Dec 2019,864
Mon 16 Dec 2019,2231
Tue 17 Dec 2019,2329
Wed 18 Dec 2019,1523
Thu 19 Dec 2019,2016
Fri 20 Dec 2019,857
Sat 21 Dec 2019,833
Sun 22 Dec 2019,873
Mon 23 Dec 2019,1261
Tue 24 Dec 2019,954
Wed 25 Dec 2019,304
Thu 26 Dec 2019,501
Fri 27 Dec 2019,829
Sat 28 Dec 2019,588
Sun 29 Dec 2019,562
Mon 30 Dec 2019,471
Tue 31 Dec 2019,836
Wed 1 Jan 2020,653
Thu 2 Jan 2020,1284
Fri 3 Jan 2020,949
Sat 4 Jan 2020,669
Sun 5 Jan 2020,377
Mon 6 Jan 2020,1087
Tue 7 Jan 2020,1399
Wed 8 Jan 2020,1784
Thu 9 Jan 2020,1873
Fri 10 Jan 2020,1038
Sat 11 Jan 2020,823
Sun 12 Jan 2020,876
Mon 13 Jan 2020,1996
Tue 14 Jan 2020,1462
Wed 15 Jan 2020,1012
Thu 16 Jan 2020,1368
Fri 17 Jan 2020,1788
Sat 18 Jan 2020,1031
Sun 19 Jan 2020,813
Mon 20 Jan 2020,1163
Tue 21 Jan 2020,2023
Wed 22 Jan 2020,1748
Thu 23 Jan 2020,1073
Fri 24 Jan 2020,1851
Sat 25 Jan 2020,1001
Sun 26 Jan 2020,910
Mon 27 Jan 2020,1007
Tue 28 Jan 2020,2549
Wed 29 Jan 2020,2670
Thu 30 Jan 2020,2003
Fri 31 Jan 2020,1202
Sat 1 Feb 2020,366
Sun 2 Feb 2020,1002
Mon 3 Feb 2020,2279
Tue 4 Feb 2020,2762
Wed 5 Feb 2020,2749
Thu 6 Feb 2020,2574
Fri 7 Feb 2020,2163
Sat 8 Feb 2020,1094
Sun 9 Feb 2020,1031
Mon 10 Feb 2020,2217
Tue 11 Feb 2020,2706
Wed 12 Feb 2020,2492
Thu 13 Feb 2020,2639
Fri 14 Feb 2020,1684
Sat 15 Feb 2020,425
Sun 16 Feb 2020,1086
Mon 17 Feb 2020,2728
Tue 18 Feb 2020,1719
Wed 19 Feb 2020,1445
Thu 20 Feb 2020,1995
Fri 21 Feb 2020,1650
Sat 22 Feb 2020,1107
Sun 23 Feb 2020,935
Mon 24 Feb 2020,2466
Tue 25 Feb 2020,2459
Wed 26 Feb 2020,2219
Thu 27 Feb 2020,2562
Fri 28 Feb 2020,2183
Sat 29 Feb 2020,1227
Sun 1 Mar 2020,1052
Mon 2 Mar 2020,2209
Tue 3 Mar 2020,2753
Wed 4 Mar 2020,2233
Thu 5 Mar 2020,1017
Fri 6 Mar 2020,1832
Sat 7 Mar 2020,745
Sun 8 Mar 2020,853
Mon 9 Mar 2020,1096
Tue 10 Mar 2020,2695
Wed 11 Mar 2020,2843
Thu 12 Mar 2020,2692
Fri 13 Mar 2020,1749
Sat 14 Mar 2020,906
Sun 15 Mar 2020,837
Mon 16 Mar 2020,2558
Tue 17 Mar 2020,2468
Wed 18 Mar 2020,2187
Thu 19 Mar 2020,1952
Fri 20 Mar 2020,1750
Sat 21 Mar 2020,1083
Sun 22 Mar 2020,749
Mon 23 Mar 2020,1453
Tue 24 Mar 2020,1273
Wed 25 Mar 2020,1106
Thu 26 Mar 2020,1238
Fri 27 Mar 2020,1166
Sat 28 Mar 2020,1082
Sun 29 Mar 2020,715
Mon 30 Mar 2020,1143
Tue 31 Mar 2020,1190
Wed 1 Apr 2020,1273
Thu 2 Apr 2020,557
Fri 3 Apr 2020,1045
Sat 4 Apr 2020,377
Sun 5 Apr 2020,336
Mon 6 Apr 2020,1052
Tue 7 Apr 2020,1225
Wed 8 Apr 2020,1131
Thu 9 Apr 2020,1417
Fri 10 Apr 2020,1329
Sat 11 Apr 2020,475
Sun 12 Apr 2020,932
Mon 13 Apr 2020,1650
Tue 14 Apr 2020,1222
Wed 15 Apr 2020,1256
Thu 16 Apr 2020,1195
Fri 17 Apr 2020,1145
Sat 18 Apr 2020,1062
Sun 19 Apr 2020,1480
Mon 20 Apr 2020,693
Tue 21 Apr 2020,1298
Wed 22 Apr 2020,1247
Thu 23 Apr 2020,1073
Fri 24 Apr 2020,1463
Sat 25 Apr 2020,1461
Sun 26 Apr 2020,660
Mon 27 Apr 2020,1280
Tue 28 Apr 2020,1338
Wed 29 Apr 2020,442
Thu 30 Apr 2020,756
Fri 1 May 2020,396
Sat 2 May 2020,486
Sun 3 May 2020,1115
Mon 4 May 2020,908
Tue 5 May 2020,1407
Wed 6 May 2020,1236
Thu 7 May 2020,1019
Fri 8 May 2020,1435
Sat 9 May 2020,331
